Using pre-set license
Built from '2020.3/release' branch; Version is '2020.3.7f1 (dd97f2c94397) revision 14522354'; Using compiler version '192528614'; Build Type 'Release'
OS: 'Windows 10 Home; OS build 26100.4484; Version 2009; 64bit' Language: 'en' Physical Memory: 15674 MB
BatchMode: 1, IsHumanControllingUs: 0, StartBugReporterOnCrash: 0, Is64bit: 1, IsPro: 0

 COMMAND LINE ARGUMENTS:
C:\Program Files\Unity\Hub\Editor\2020.3.7f1\Editor\Unity.exe
-adb2
-batchMode
-noUpm
-name
AssetImportWorker1
-projectPath
C:/Projects/Wise-Clicks Unity/Wise-Clicks
-logFile
Logs/AssetImportWorker1.log
-srvPort
54486
Successfully changed project path to: C:/Projects/Wise-Clicks Unity/Wise-Clicks
C:/Projects/Wise-Clicks Unity/Wise-Clicks
Using Asset Import Pipeline V2.
Refreshing native plugins compatible for Editor in 43.20 ms, found 1 plugins.
Preloading 0 native plugins for Editor in 0.00 ms.
Initialize engine version: 2020.3.7f1 (dd97f2c94397)
[Subsystems] Discovering subsystems at path C:/Program Files/Unity/Hub/Editor/2020.3.7f1/Editor/Data/Resources/UnitySubsystems
[Subsystems] Discovering subsystems at path C:/Projects/Wise-Clicks Unity/Wise-Clicks/Assets
GfxDevice: creating device client; threaded=0
Direct3D:
    Version:  Direct3D 11.0 [level 11.1]
    Renderer: NVIDIA GeForce RTX 4060 Laptop GPU (ID=0x28e0)
    Vendor:   
    VRAM:     7957 MB
    Driver:   32.0.15.6624
Initialize mono
Mono path[0] = 'C:/Program Files/Unity/Hub/Editor/2020.3.7f1/Editor/Data/Managed'
Mono path[1] = 'C:/Program Files/Unity/Hub/Editor/2020.3.7f1/Editor/Data/MonoBleedingEdge/lib/mono/unityjit'
Mono config path = 'C:/Program Files/Unity/Hub/Editor/2020.3.7f1/Editor/Data/MonoBleedingEdge/etc'
Using monoOptions --debugger-agent=transport=dt_socket,embedding=1,server=y,suspend=n,address=127.0.0.1:56076
Begin MonoManager ReloadAssembly
Registering precompiled unity dll's ...
Register platform support module: C:/Program Files/Unity/Hub/Editor/2020.3.7f1/Editor/Data/PlaybackEngines/WindowsStandaloneSupport/UnityEditor.WindowsStandalone.Extensions.dll
Registered in 0.001580 seconds.
Native extension for WindowsStandalone target not found
Refreshing native plugins compatible for Editor in 34.77 ms, found 1 plugins.
Preloading 0 native plugins for Editor in 0.00 ms.
Mono: successfully reloaded assembly
- Completed reload, in  2.687 seconds
Platform modules already initialized, skipping
Registering precompiled user dll's ...
Registered in 0.001403 seconds.
Begin MonoManager ReloadAssembly
Native extension for WindowsStandalone target not found
Refreshing native plugins compatible for Editor in 32.88 ms, found 1 plugins.
Preloading 0 native plugins for Editor in 0.00 ms.
Mono: successfully reloaded assembly
- Completed reload, in  3.213 seconds
Platform modules already initialized, skipping
========================================================================
Worker process is ready to serve import requests
Launched and connected shader compiler UnityShaderCompiler.exe after 0.05 seconds
Refreshing native plugins compatible for Editor in 0.80 ms, found 1 plugins.
Preloading 0 native plugins for Editor in 0.00 ms.
Unloading 1939 Unused Serialized files (Serialized files now loaded: 0)
System memory in use before: 90.7 MB.
System memory in use after: 90.8 MB.

Unloading 32 unused Assets to reduce memory usage. Loaded Objects now: 2374.
Total: 2.496500 ms (FindLiveObjects: 0.350100 ms CreateObjectMapping: 0.061100 ms MarkObjects: 1.999200 ms  DeleteObjects: 0.085000 ms)

========================================================================
Received Prepare
Registering precompiled user dll's ...
Registered in 0.001123 seconds.
Begin MonoManager ReloadAssembly
Native extension for WindowsStandalone target not found
Refreshing native plugins compatible for Editor in 0.91 ms, found 1 plugins.
Preloading 0 native plugins for Editor in 0.00 ms.
Mono: successfully reloaded assembly
- Completed reload, in  0.747 seconds
Platform modules already initialized, skipping
Switching build target platform(5) subTarget(0) extendedPlatform(0) -> platform(13) subTarget(537395200) extendedPlatform(0)
Refreshing native plugins compatible for Editor in 0.67 ms, found 1 plugins.
Preloading 0 native plugins for Editor in 0.00 ms.
Unloading 1919 Unused Serialized files (Serialized files now loaded: 0)
System memory in use before: 88.7 MB.
System memory in use after: 88.8 MB.

Unloading 20 unused Assets to reduce memory usage. Loaded Objects now: 2378.
Total: 3.024400 ms (FindLiveObjects: 0.316700 ms CreateObjectMapping: 0.040100 ms MarkObjects: 2.639800 ms  DeleteObjects: 0.025900 ms)

AssetImportParameters requested are different than current active one (requested -> active):
  custom:graphics/normal-map-encoding: 01000000000000000000000000000000 -> 02000000000000000000000000000000
========================================================================
Received Import Request.
  path: Assets/Scenes/CallScene.unity
  artifactKey: Guid(85932fccd36b8414cb0f979001c642bf) Importer(815301076,1909f56bfc062723c751e8b465ee728b)
Start importing Assets/Scenes/CallScene.unity using Guid(85932fccd36b8414cb0f979001c642bf) Importer(815301076,1909f56bfc062723c751e8b465ee728b)  -> (artifact id: '128033041caae07793409df46f23106e') in 0.037567 seconds
  Import took 0.042172 seconds .

========================================================================
Received Import Request.
  Time since last request: 18.819492 seconds.
  path: Assets/Scenes/CallScene.unity
  artifactKey: Guid(85932fccd36b8414cb0f979001c642bf) Importer(815301076,1909f56bfc062723c751e8b465ee728b)
Start importing Assets/Scenes/CallScene.unity using Guid(85932fccd36b8414cb0f979001c642bf) Importer(815301076,1909f56bfc062723c751e8b465ee728b)  -> (artifact id: '5fde2e88d21fdce5c03996338be08dd0') in 0.008413 seconds
  Import took 0.018309 seconds .

========================================================================
Received Import Request.
  Time since last request: 0.006057 seconds.
  path: Assets/Scenes/CallScene.unity
  artifactKey: Guid(85932fccd36b8414cb0f979001c642bf) Importer(815301076,1909f56bfc062723c751e8b465ee728b)
Start importing Assets/Scenes/CallScene.unity using Guid(85932fccd36b8414cb0f979001c642bf) Importer(815301076,1909f56bfc062723c751e8b465ee728b)  -> (artifact id: '5fde2e88d21fdce5c03996338be08dd0') in 0.006677 seconds
  Import took 0.015639 seconds .

========================================================================
Received Import Request.
  Time since last request: 0.509662 seconds.
  path: Assets/Scenes/EmailScene.unity
  artifactKey: Guid(5dc33fc2bb2cf034bb4aa98a7749c5fd) Importer(815301076,1909f56bfc062723c751e8b465ee728b)
Start importing Assets/Scenes/EmailScene.unity using Guid(5dc33fc2bb2cf034bb4aa98a7749c5fd) Importer(815301076,1909f56bfc062723c751e8b465ee728b)  -> (artifact id: '3a420d6d84680ec791df3fb087710380') in 0.019517 seconds
  Import took 0.024275 seconds .

========================================================================
Received Import Request.
  Time since last request: 0.936506 seconds.
  path: Assets/Scenes/HomeScene.unity
  artifactKey: Guid(51eaf9da454958e44996aec0f3cb5441) Importer(815301076,1909f56bfc062723c751e8b465ee728b)
Start importing Assets/Scenes/HomeScene.unity using Guid(51eaf9da454958e44996aec0f3cb5441) Importer(815301076,1909f56bfc062723c751e8b465ee728b)  -> (artifact id: 'efe83f63973dd8c09e7c8b232b8303a8') in 0.011002 seconds
  Import took 0.013958 seconds .

========================================================================
Received Import Request.
  Time since last request: 4.275236 seconds.
  path: Assets/Scenes/MessageScene.unity
  artifactKey: Guid(8cca7e0afea68894f8c44b23ef65fd37) Importer(815301076,1909f56bfc062723c751e8b465ee728b)
Start importing Assets/Scenes/MessageScene.unity using Guid(8cca7e0afea68894f8c44b23ef65fd37) Importer(815301076,1909f56bfc062723c751e8b465ee728b)  -> (artifact id: '03f3d04a876b9689534ff2754f577f9d') in 0.010959 seconds
  Import took 0.013937 seconds .

========================================================================
Received Import Request.
  Time since last request: 0.008689 seconds.
  path: Assets/Scenes/MessageScene.unity
  artifactKey: Guid(8cca7e0afea68894f8c44b23ef65fd37) Importer(815301076,1909f56bfc062723c751e8b465ee728b)
Start importing Assets/Scenes/MessageScene.unity using Guid(8cca7e0afea68894f8c44b23ef65fd37) Importer(815301076,1909f56bfc062723c751e8b465ee728b)  -> (artifact id: '03f3d04a876b9689534ff2754f577f9d') in 0.002821 seconds
  Import took 0.005686 seconds .

========================================================================
Received Import Request.
  Time since last request: 25.672496 seconds.
  path: Assets/JobManager.cs
  artifactKey: Guid(9e9b6dd1cc2e2fe48b107967405887cb) Importer(815301076,1909f56bfc062723c751e8b465ee728b)
Start importing Assets/JobManager.cs using Guid(9e9b6dd1cc2e2fe48b107967405887cb) Importer(815301076,1909f56bfc062723c751e8b465ee728b)  -> (artifact id: '903bc6b1e4ee5a7ac558b47c0fd6853e') in 0.098609 seconds
  Import took 0.103669 seconds .

========================================================================
Received Import Request.
  Time since last request: 45.621831 seconds.
  path: Assets/JobManager.cs
  artifactKey: Guid(9e9b6dd1cc2e2fe48b107967405887cb) Importer(815301076,1909f56bfc062723c751e8b465ee728b)
Start importing Assets/JobManager.cs using Guid(9e9b6dd1cc2e2fe48b107967405887cb) Importer(815301076,1909f56bfc062723c751e8b465ee728b)  -> (artifact id: 'ced8add36daaa70da504b2913f792987') in 0.006740 seconds
  Import took 0.016051 seconds .

========================================================================
Received Import Request.
  Time since last request: 24.389925 seconds.
  path: Assets/JobItem.cs
  artifactKey: Guid(308dc0ef48cb57e49b21ec91c1303ba4) Importer(815301076,1909f56bfc062723c751e8b465ee728b)
Start importing Assets/JobItem.cs using Guid(308dc0ef48cb57e49b21ec91c1303ba4) Importer(815301076,1909f56bfc062723c751e8b465ee728b)  -> (artifact id: '68234062e988767329dbd33fd8f25e12') in 0.018711 seconds
  Import took 0.024478 seconds .

========================================================================
Received Prepare
Registering precompiled user dll's ...
Registered in 0.001837 seconds.
Begin MonoManager ReloadAssembly
Native extension for WindowsStandalone target not found
Refreshing native plugins compatible for Editor in 0.89 ms, found 1 plugins.
Preloading 0 native plugins for Editor in 0.00 ms.
Mono: successfully reloaded assembly
- Completed reload, in  0.727 seconds
Platform modules already initialized, skipping
Switching build target platform(5) subTarget(0) extendedPlatform(0) -> platform(13) subTarget(537395200) extendedPlatform(0)
Refreshing native plugins compatible for Editor in 0.49 ms, found 1 plugins.
Preloading 0 native plugins for Editor in 0.00 ms.
Unloading 1918 Unused Serialized files (Serialized files now loaded: 0)
System memory in use before: 88.8 MB.
System memory in use after: 88.9 MB.

Unloading 21 unused Assets to reduce memory usage. Loaded Objects now: 2381.
Total: 2.011400 ms (FindLiveObjects: 0.270800 ms CreateObjectMapping: 0.066800 ms MarkObjects: 1.642700 ms  DeleteObjects: 0.029900 ms)

AssetImportParameters requested are different than current active one (requested -> active):
  custom:graphics/normal-map-encoding: 01000000000000000000000000000000 -> 02000000000000000000000000000000
========================================================================
Received Import Request.
  Time since last request: 36.685853 seconds.
  path: Assets/JobItemTemplate.prefab
  artifactKey: Guid(70223415d4af072408d7bb98e3230b55) Importer(815301076,1909f56bfc062723c751e8b465ee728b)
Start importing Assets/JobItemTemplate.prefab using Guid(70223415d4af072408d7bb98e3230b55) Importer(815301076,1909f56bfc062723c751e8b465ee728b)  -> (artifact id: 'b4648987926a7400b1d54f12ef022c89') in 0.088891 seconds
  Import took 0.092632 seconds .

========================================================================
Received Prepare
Registering precompiled user dll's ...
Registered in 0.001805 seconds.
Begin MonoManager ReloadAssembly
Native extension for WindowsStandalone target not found
Refreshing native plugins compatible for Editor in 0.53 ms, found 1 plugins.
Preloading 0 native plugins for Editor in 0.00 ms.
Mono: successfully reloaded assembly
- Completed reload, in  0.685 seconds
Platform modules already initialized, skipping
Switching build target platform(5) subTarget(0) extendedPlatform(0) -> platform(13) subTarget(537395200) extendedPlatform(0)
Refreshing native plugins compatible for Editor in 0.62 ms, found 1 plugins.
Preloading 0 native plugins for Editor in 0.00 ms.
Unloading 1917 Unused Serialized files (Serialized files now loaded: 0)
System memory in use before: 88.9 MB.
System memory in use after: 89.0 MB.

Unloading 22 unused Assets to reduce memory usage. Loaded Objects now: 2384.
Total: 1.903100 ms (FindLiveObjects: 0.235200 ms CreateObjectMapping: 0.054800 ms MarkObjects: 1.578000 ms  DeleteObjects: 0.032800 ms)

AssetImportParameters requested are different than current active one (requested -> active):
  custom:graphics/normal-map-encoding: 01000000000000000000000000000000 -> 02000000000000000000000000000000
========================================================================
Received Import Request.
  Time since last request: 18.085485 seconds.
  path: Assets/LanguageManager.cs
  artifactKey: Guid(ade1dec22fe86534fbb2b1d0f6cda2d2) Importer(815301076,1909f56bfc062723c751e8b465ee728b)
Start importing Assets/LanguageManager.cs using Guid(ade1dec22fe86534fbb2b1d0f6cda2d2) Importer(815301076,1909f56bfc062723c751e8b465ee728b)  -> (artifact id: '04fb4f79195d5f0d26684b5d43129ca3') in 0.012769 seconds
  Import took 0.016122 seconds .

========================================================================
Received Import Request.
  Time since last request: 0.370770 seconds.
  path: Assets/LanguageManager.cs
  artifactKey: Guid(ade1dec22fe86534fbb2b1d0f6cda2d2) Importer(815301076,1909f56bfc062723c751e8b465ee728b)
Start importing Assets/LanguageManager.cs using Guid(ade1dec22fe86534fbb2b1d0f6cda2d2) Importer(815301076,1909f56bfc062723c751e8b465ee728b)  -> (artifact id: '04fb4f79195d5f0d26684b5d43129ca3') in 0.003230 seconds
  Import took 0.006495 seconds .

========================================================================
Received Import Request.
  Time since last request: 1.522515 seconds.
  path: Assets/LeaderboardManager.cs
  artifactKey: Guid(0d8a491a2e22f99439718ceee90ec4ce) Importer(815301076,1909f56bfc062723c751e8b465ee728b)
Start importing Assets/LeaderboardManager.cs using Guid(0d8a491a2e22f99439718ceee90ec4ce) Importer(815301076,1909f56bfc062723c751e8b465ee728b)  -> (artifact id: '5fc347e8bd636891d10f21b327288365') in 0.018927 seconds
  Import took 0.021752 seconds .

========================================================================
Received Import Request.
  Time since last request: 12.306171 seconds.
  path: Assets/EmailManager.cs
  artifactKey: Guid(328627c00b0e47e41b9e7653b6c83d17) Importer(815301076,1909f56bfc062723c751e8b465ee728b)
Start importing Assets/EmailManager.cs using Guid(328627c00b0e47e41b9e7653b6c83d17) Importer(815301076,1909f56bfc062723c751e8b465ee728b)  -> (artifact id: 'ab4fbf84ad78ab1ade552aa850f186b5') in 0.027769 seconds
  Import took 0.032233 seconds .

========================================================================
Received Import Request.
  Time since last request: 2.003414 seconds.
  path: Assets/HintController.cs
  artifactKey: Guid(48ba3ec8e4dc5b44186e5f5b2c1f7cde) Importer(815301076,1909f56bfc062723c751e8b465ee728b)
Start importing Assets/HintController.cs using Guid(48ba3ec8e4dc5b44186e5f5b2c1f7cde) Importer(815301076,1909f56bfc062723c751e8b465ee728b)  -> (artifact id: '5dbcfe3894c1e35aecde94af3a6bd6b5') in 0.017145 seconds
  Import took 0.022678 seconds .

========================================================================
Received Import Request.
  Time since last request: 4.170136 seconds.
  path: Assets/HomeButton.cs
  artifactKey: Guid(3c59cab08269c0c4cb0f883277f68445) Importer(815301076,1909f56bfc062723c751e8b465ee728b)
Start importing Assets/HomeButton.cs using Guid(3c59cab08269c0c4cb0f883277f68445) Importer(815301076,1909f56bfc062723c751e8b465ee728b)  -> (artifact id: 'cc60a7a7ecd15d2c3ce6674d04f24573') in 0.017223 seconds
  Import took 0.022130 seconds .

========================================================================
Received Import Request.
  Time since last request: 3.272693 seconds.
  path: Assets/HomeManager.cs
  artifactKey: Guid(3a9ca403aa84019498c26d206948d470) Importer(815301076,1909f56bfc062723c751e8b465ee728b)
Start importing Assets/HomeManager.cs using Guid(3a9ca403aa84019498c26d206948d470) Importer(815301076,1909f56bfc062723c751e8b465ee728b)  -> (artifact id: 'e75ffc25d358ddb62b549876b8c1d3c1') in 0.025461 seconds
  Import took 0.031269 seconds .

========================================================================
Received Import Request.
  Time since last request: 2.404265 seconds.
  path: Assets/HomeSceneManager.cs
  artifactKey: Guid(7fa2b27875bddf14cb0b3e569caa2885) Importer(815301076,1909f56bfc062723c751e8b465ee728b)
Start importing Assets/HomeSceneManager.cs using Guid(7fa2b27875bddf14cb0b3e569caa2885) Importer(815301076,1909f56bfc062723c751e8b465ee728b)  -> (artifact id: 'cf0305d89b2231cc8d855d2b6011d07e') in 0.018312 seconds
  Import took 0.023481 seconds .

========================================================================
Received Import Request.
  Time since last request: 35.326396 seconds.
  path: Assets/LevelsMenu.cs
  artifactKey: Guid(d2ed5b3af2eb24043bf23f33a7ac8c04) Importer(815301076,1909f56bfc062723c751e8b465ee728b)
Start importing Assets/LevelsMenu.cs using Guid(d2ed5b3af2eb24043bf23f33a7ac8c04) Importer(815301076,1909f56bfc062723c751e8b465ee728b)  -> (artifact id: 'ed6deb6b7afb8832f69c9d5e178309ba') in 0.018730 seconds
  Import took 0.025164 seconds .

========================================================================
Received Import Request.
  Time since last request: 14.853486 seconds.
  path: Assets/LoginManager.cs
  artifactKey: Guid(e14d911e983c44a46a9299abdff2ebe3) Importer(815301076,1909f56bfc062723c751e8b465ee728b)
Start importing Assets/LoginManager.cs using Guid(e14d911e983c44a46a9299abdff2ebe3) Importer(815301076,1909f56bfc062723c751e8b465ee728b)  -> (artifact id: '11e07d6fa9a92c012a17489695e3481c') in 0.018676 seconds
  Import took 0.023079 seconds .

========================================================================
Received Import Request.
  Time since last request: 0.888394 seconds.
  path: Assets/MainMenu.cs
  artifactKey: Guid(ba9c1408814ad1c46ab7ed7f43665024) Importer(815301076,1909f56bfc062723c751e8b465ee728b)
Start importing Assets/MainMenu.cs using Guid(ba9c1408814ad1c46ab7ed7f43665024) Importer(815301076,1909f56bfc062723c751e8b465ee728b)  -> (artifact id: '5f97cc3f4858dd5ac1074fb74de69432') in 0.021735 seconds
  Import took 0.027072 seconds .

========================================================================
Received Import Request.
  Time since last request: 6.260654 seconds.
  path: Assets/MessageManager.cs
  artifactKey: Guid(eae6cee3cc440ee45b04fba861d35a4f) Importer(815301076,1909f56bfc062723c751e8b465ee728b)
Start importing Assets/MessageManager.cs using Guid(eae6cee3cc440ee45b04fba861d35a4f) Importer(815301076,1909f56bfc062723c751e8b465ee728b)  -> (artifact id: '3f71b5fbe00b8547d5b3b460317990c8') in 0.021544 seconds
  Import took 0.026184 seconds .

========================================================================
Received Import Request.
  Time since last request: 1.390016 seconds.
  path: Assets/SettingsManager.cs
  artifactKey: Guid(9abf3442105d1b04aa8ed5d5d826f8ad) Importer(815301076,1909f56bfc062723c751e8b465ee728b)
Start importing Assets/SettingsManager.cs using Guid(9abf3442105d1b04aa8ed5d5d826f8ad) Importer(815301076,1909f56bfc062723c751e8b465ee728b)  -> (artifact id: '267b82b3367664b496268bd7d7c03781') in 0.014930 seconds
  Import took 0.019735 seconds .

========================================================================
Received Import Request.
  Time since last request: 0.013700 seconds.
  path: Assets/SettingsManager.cs
  artifactKey: Guid(9abf3442105d1b04aa8ed5d5d826f8ad) Importer(815301076,1909f56bfc062723c751e8b465ee728b)
Start importing Assets/SettingsManager.cs using Guid(9abf3442105d1b04aa8ed5d5d826f8ad) Importer(815301076,1909f56bfc062723c751e8b465ee728b)  -> (artifact id: '267b82b3367664b496268bd7d7c03781') in 0.004739 seconds
  Import took 0.012021 seconds .

========================================================================
Received Import Request.
  Time since last request: 0.712513 seconds.
  path: Assets/StartManager.cs
  artifactKey: Guid(2ed8f7e65b63c8c4d8ae8d08ba2f0651) Importer(815301076,1909f56bfc062723c751e8b465ee728b)
Start importing Assets/StartManager.cs using Guid(2ed8f7e65b63c8c4d8ae8d08ba2f0651) Importer(815301076,1909f56bfc062723c751e8b465ee728b)  -> (artifact id: '4f34661691df4694982eaec25cba3c67') in 0.018660 seconds
  Import took 0.023337 seconds .

========================================================================
Received Import Request.
  Time since last request: 16.282024 seconds.
  path: Assets
  artifactKey: Guid(00000000000000001000000000000000) Importer(815301076,1909f56bfc062723c751e8b465ee728b)
Start importing Assets using Guid(00000000000000001000000000000000) Importer(815301076,1909f56bfc062723c751e8b465ee728b)  -> (artifact id: '5f6a1853b736837ecfb0820a881449cb') in 0.017245 seconds
  Import took 0.023000 seconds .

========================================================================
Received Import Request.
  Time since last request: 12.282123 seconds.
  path: Assets/CallManager.cs
  artifactKey: Guid(493c2fc403f76f74ab9d60825aaee471) Importer(815301076,1909f56bfc062723c751e8b465ee728b)
Start importing Assets/CallManager.cs using Guid(493c2fc403f76f74ab9d60825aaee471) Importer(815301076,1909f56bfc062723c751e8b465ee728b)  -> (artifact id: 'd7fa7d8dfd069382d87e9486f75f507d') in 0.018040 seconds
  Import took 0.023835 seconds .

========================================================================
Received Import Request.
  Time since last request: 0.005708 seconds.
  path: Assets/CallManager.cs
  artifactKey: Guid(493c2fc403f76f74ab9d60825aaee471) Importer(815301076,1909f56bfc062723c751e8b465ee728b)
Start importing Assets/CallManager.cs using Guid(493c2fc403f76f74ab9d60825aaee471) Importer(815301076,1909f56bfc062723c751e8b465ee728b)  -> (artifact id: 'd7fa7d8dfd069382d87e9486f75f507d') in 0.003585 seconds
  Import took 0.010540 seconds .

========================================================================
Received Prepare
Registering precompiled user dll's ...
Registered in 0.000888 seconds.
Begin MonoManager ReloadAssembly
Native extension for WindowsStandalone target not found
Refreshing native plugins compatible for Editor in 0.46 ms, found 1 plugins.
Preloading 0 native plugins for Editor in 0.00 ms.
Mono: successfully reloaded assembly
- Completed reload, in  0.696 seconds
Platform modules already initialized, skipping
Switching build target platform(5) subTarget(0) extendedPlatform(0) -> platform(13) subTarget(537395200) extendedPlatform(0)
Refreshing native plugins compatible for Editor in 0.43 ms, found 1 plugins.
Preloading 0 native plugins for Editor in 0.00 ms.
Unloading 1918 Unused Serialized files (Serialized files now loaded: 0)
System memory in use before: 88.9 MB.
System memory in use after: 89.1 MB.

Unloading 20 unused Assets to reduce memory usage. Loaded Objects now: 2389.
Total: 2.034400 ms (FindLiveObjects: 0.222800 ms CreateObjectMapping: 0.056600 ms MarkObjects: 1.733700 ms  DeleteObjects: 0.020200 ms)

AssetImportParameters requested are different than current active one (requested -> active):
  custom:graphics/normal-map-encoding: 01000000000000000000000000000000 -> 02000000000000000000000000000000
========================================================================
Received Prepare
Registering precompiled user dll's ...
Registered in 0.001714 seconds.
Begin MonoManager ReloadAssembly
Native extension for WindowsStandalone target not found
Refreshing native plugins compatible for Editor in 0.85 ms, found 1 plugins.
Preloading 0 native plugins for Editor in 0.00 ms.
Mono: successfully reloaded assembly
- Completed reload, in  0.775 seconds
Platform modules already initialized, skipping
Switching build target platform(5) subTarget(0) extendedPlatform(0) -> platform(13) subTarget(537395200) extendedPlatform(0)
Refreshing native plugins compatible for Editor in 0.64 ms, found 1 plugins.
Preloading 0 native plugins for Editor in 0.00 ms.
Unloading 1918 Unused Serialized files (Serialized files now loaded: 0)
System memory in use before: 89.0 MB.
System memory in use after: 89.1 MB.

Unloading 20 unused Assets to reduce memory usage. Loaded Objects now: 2393.
Total: 2.648600 ms (FindLiveObjects: 0.364100 ms CreateObjectMapping: 0.057200 ms MarkObjects: 2.200000 ms  DeleteObjects: 0.025300 ms)

AssetImportParameters requested are different than current active one (requested -> active):
  custom:graphics/normal-map-encoding: 01000000000000000000000000000000 -> 02000000000000000000000000000000
========================================================================
Received Import Request.
  Time since last request: 945.948637 seconds.
  path: Assets/Scenes/CallScene.unity
  artifactKey: Guid(85932fccd36b8414cb0f979001c642bf) Importer(815301076,1909f56bfc062723c751e8b465ee728b)
Start importing Assets/Scenes/CallScene.unity using Guid(85932fccd36b8414cb0f979001c642bf) Importer(815301076,1909f56bfc062723c751e8b465ee728b)  -> (artifact id: 'e18c2cb11a8d7808b58a84eba7c1fb86') in 0.013719 seconds
  Import took 0.017606 seconds .

========================================================================
Received Import Request.
  Time since last request: 8.414696 seconds.
  path: Assets/Scenes/LevelScene.unity
  artifactKey: Guid(2cda990e2423bbf4892e6590ba056729) Importer(815301076,1909f56bfc062723c751e8b465ee728b)
Start importing Assets/Scenes/LevelScene.unity using Guid(2cda990e2423bbf4892e6590ba056729) Importer(815301076,1909f56bfc062723c751e8b465ee728b)  -> (artifact id: 'e5acafcc86a83a8c5fdf8485762d8c84') in 0.019511 seconds
  Import took 0.023899 seconds .

========================================================================
Received Prepare
Registering precompiled user dll's ...
Registered in 0.000822 seconds.
Begin MonoManager ReloadAssembly
Native extension for WindowsStandalone target not found
Refreshing native plugins compatible for Editor in 0.68 ms, found 1 plugins.
Preloading 0 native plugins for Editor in 0.00 ms.
Mono: successfully reloaded assembly
- Completed reload, in  0.667 seconds
Platform modules already initialized, skipping
Switching build target platform(5) subTarget(0) extendedPlatform(0) -> platform(13) subTarget(537395200) extendedPlatform(0)
Refreshing native plugins compatible for Editor in 0.45 ms, found 1 plugins.
Preloading 0 native plugins for Editor in 0.00 ms.
Unloading 1918 Unused Serialized files (Serialized files now loaded: 0)
System memory in use before: 89.0 MB.
System memory in use after: 89.1 MB.

Unloading 20 unused Assets to reduce memory usage. Loaded Objects now: 2397.
Total: 2.517400 ms (FindLiveObjects: 0.569100 ms CreateObjectMapping: 0.098000 ms MarkObjects: 1.827200 ms  DeleteObjects: 0.020800 ms)

AssetImportParameters requested are different than current active one (requested -> active):
  custom:graphics/normal-map-encoding: 01000000000000000000000000000000 -> 02000000000000000000000000000000
========================================================================
Received Import Request.
  Time since last request: 514.336630 seconds.
  path: Assets/TextMesh Pro/Sprites/EmojiOne.png
  artifactKey: Guid(dffef66376be4fa480fb02b19edbe903) Importer(815301076,1909f56bfc062723c751e8b465ee728b)
Start importing Assets/TextMesh Pro/Sprites/EmojiOne.png using Guid(dffef66376be4fa480fb02b19edbe903) Importer(815301076,1909f56bfc062723c751e8b465ee728b)  -> (artifact id: '126a02875a289674f47ef65eb4f55a3f') in 0.074367 seconds
  Import took 0.079916 seconds .

========================================================================
Received Import Request.
  Time since last request: 0.406794 seconds.
  path: Assets/UI_Elements/Bars/Correct_bar.png
  artifactKey: Guid(cfec1ded667b3234a8f64fe12eb486d6) Importer(815301076,1909f56bfc062723c751e8b465ee728b)
Start importing Assets/UI_Elements/Bars/Correct_bar.png using Guid(cfec1ded667b3234a8f64fe12eb486d6) Importer(815301076,1909f56bfc062723c751e8b465ee728b)  -> (artifact id: 'f83a292063bbd17f6d830b49488c92b9') in 0.074693 seconds
  Import took 0.079709 seconds .

========================================================================
Received Import Request.
  Time since last request: 0.001041 seconds.
  path: Assets/UI_Elements/Bars/Task_bar.png
  artifactKey: Guid(d7ebac1dbfea522438e6e66ed2ebddb2) Importer(815301076,1909f56bfc062723c751e8b465ee728b)
Start importing Assets/UI_Elements/Bars/Task_bar.png using Guid(d7ebac1dbfea522438e6e66ed2ebddb2) Importer(815301076,1909f56bfc062723c751e8b465ee728b)  -> (artifact id: '537e2500f5bad1a1d1a24b4f432472e4') in 0.038136 seconds
  Import took 0.043139 seconds .

========================================================================
Received Import Request.
  Time since last request: 0.000459 seconds.
  path: Assets/UI_Elements/Bars/Wrong_bar.png
  artifactKey: Guid(097c3423bb67102459e9faf8f680a4be) Importer(815301076,1909f56bfc062723c751e8b465ee728b)
Start importing Assets/UI_Elements/Bars/Wrong_bar.png using Guid(097c3423bb67102459e9faf8f680a4be) Importer(815301076,1909f56bfc062723c751e8b465ee728b)  -> (artifact id: '67c068e3dc10a21e9d8ca43545b714bb') in 0.035819 seconds
  Import took 0.041885 seconds .

========================================================================
Received Import Request.
  Time since last request: 0.000350 seconds.
  path: Assets/UI_Elements/Bars/Hint_bar.png
  artifactKey: Guid(557cb8aed03544348b8df2d6c8ffa9a7) Importer(815301076,1909f56bfc062723c751e8b465ee728b)
Start importing Assets/UI_Elements/Bars/Hint_bar.png using Guid(557cb8aed03544348b8df2d6c8ffa9a7) Importer(815301076,1909f56bfc062723c751e8b465ee728b)  -> (artifact id: '7f4081f398bc887740de31d375a66b54') in 0.034385 seconds
  Import took 0.040218 seconds .

========================================================================
Received Import Request.
  Time since last request: 0.000316 seconds.
  path: Assets/UI_Elements/Bars/Username_bar.png
  artifactKey: Guid(964c39ee9ed308f4f98640bc6c6000fc) Importer(815301076,1909f56bfc062723c751e8b465ee728b)
Start importing Assets/UI_Elements/Bars/Username_bar.png using Guid(964c39ee9ed308f4f98640bc6c6000fc) Importer(815301076,1909f56bfc062723c751e8b465ee728b)  -> (artifact id: '1fbca255cb7f54955410afe4b2dfbb79') in 0.038490 seconds
  Import took 0.045076 seconds .

========================================================================
Received Import Request.
  Time since last request: 0.000415 seconds.
  path: Assets/UI_Elements/Bars/HeaderBar_Blur.png
  artifactKey: Guid(4b5c4a6ef96eedd428e90fc2cc7e0fe1) Importer(815301076,1909f56bfc062723c751e8b465ee728b)
Start importing Assets/UI_Elements/Bars/HeaderBar_Blur.png using Guid(4b5c4a6ef96eedd428e90fc2cc7e0fe1) Importer(815301076,1909f56bfc062723c751e8b465ee728b)  -> (artifact id: 'aebad90d54fd0270330feb02f683b322') in 0.033149 seconds
  Import took 0.038236 seconds .

========================================================================
Received Import Request.
  Time since last request: 0.000504 seconds.
  path: Assets/UI_Elements/Bars/HeaderBar.png
  artifactKey: Guid(c8ba025dec4efdf4388820d38a672303) Importer(815301076,1909f56bfc062723c751e8b465ee728b)
Start importing Assets/UI_Elements/Bars/HeaderBar.png using Guid(c8ba025dec4efdf4388820d38a672303) Importer(815301076,1909f56bfc062723c751e8b465ee728b)  -> (artifact id: '2c57aee34c75cba0d0126e80a24ba141') in 0.032334 seconds
  Import took 0.037269 seconds .

========================================================================
Received Import Request.
  Time since last request: 0.000318 seconds.
  path: Assets/UI_Elements/Bars/InputBar.png
  artifactKey: Guid(b67b75109ffa7cd46bfd05cd774a688d) Importer(815301076,1909f56bfc062723c751e8b465ee728b)
Start importing Assets/UI_Elements/Bars/InputBar.png using Guid(b67b75109ffa7cd46bfd05cd774a688d) Importer(815301076,1909f56bfc062723c751e8b465ee728b)  -> (artifact id: '620e040f438b35c67b697a9ea22c5df2') in 0.045642 seconds
  Import took 0.050120 seconds .

========================================================================
Received Import Request.
  Time since last request: 0.000475 seconds.
  path: Assets/UI_Elements/Bars/InputBar 1.png
  artifactKey: Guid(33fbcf5351f44844cb9ec5543f60aa54) Importer(815301076,1909f56bfc062723c751e8b465ee728b)
Start importing Assets/UI_Elements/Bars/InputBar 1.png using Guid(33fbcf5351f44844cb9ec5543f60aa54) Importer(815301076,1909f56bfc062723c751e8b465ee728b)  -> (artifact id: '4eac79a6bbac1194b14ae83c7fc01682') in 0.040049 seconds
  Import took 0.044995 seconds .

========================================================================
Received Import Request.
  Time since last request: 0.000435 seconds.
  path: Assets/UI_Elements/Bars/Star Bar.png
  artifactKey: Guid(7614ac06e545cda4aad0ca5d372decae) Importer(815301076,1909f56bfc062723c751e8b465ee728b)
Start importing Assets/UI_Elements/Bars/Star Bar.png using Guid(7614ac06e545cda4aad0ca5d372decae) Importer(815301076,1909f56bfc062723c751e8b465ee728b)  -> (artifact id: '2b4a042ef1c22a6bcc089d26a92a31b9') in 0.029992 seconds
  Import took 0.033980 seconds .

========================================================================
Received Import Request.
  Time since last request: 55.919053 seconds.
  path: Assets/UI_Elements/Leaderboard/Podium.png
  artifactKey: Guid(b279fb08c89603440abfad800fb9d790) Importer(815301076,1909f56bfc062723c751e8b465ee728b)
Start importing Assets/UI_Elements/Leaderboard/Podium.png using Guid(b279fb08c89603440abfad800fb9d790) Importer(815301076,1909f56bfc062723c751e8b465ee728b)  -> (artifact id: '55065834d439d27965743236841244d1') in 0.053885 seconds
  Import took 0.058407 seconds .

========================================================================
Received Import Request.
  Time since last request: 0.000490 seconds.
  path: Assets/UI_Elements/Leaderboard/Ranks.png
  artifactKey: Guid(5e8c4edbbea1bba4c8b7d1ce5bdfda6a) Importer(815301076,1909f56bfc062723c751e8b465ee728b)
Start importing Assets/UI_Elements/Leaderboard/Ranks.png using Guid(5e8c4edbbea1bba4c8b7d1ce5bdfda6a) Importer(815301076,1909f56bfc062723c751e8b465ee728b)  -> (artifact id: '9c65a14258485251215ce5c51154cc6f') in 0.039403 seconds
  Import took 0.044088 seconds .

========================================================================
Received Import Request.
  Time since last request: 0.000938 seconds.
  path: Assets/UI_Elements/Leaderboard/Ribbon.png
  artifactKey: Guid(33b4acf7b8c420c4591ebca83f8717a2) Importer(815301076,1909f56bfc062723c751e8b465ee728b)
Start importing Assets/UI_Elements/Leaderboard/Ribbon.png using Guid(33b4acf7b8c420c4591ebca83f8717a2) Importer(815301076,1909f56bfc062723c751e8b465ee728b)  -> (artifact id: 'a98e2b8ad62e8fbddff80c61e041dc07') in 0.034226 seconds
  Import took 0.039603 seconds .

========================================================================
Received Import Request.
  Time since last request: 0.298853 seconds.
  path: Assets/UI_Elements/Menus/blue_menu.png
  artifactKey: Guid(75f9393f72381a94c8155604d4b414aa) Importer(815301076,1909f56bfc062723c751e8b465ee728b)
Start importing Assets/UI_Elements/Menus/blue_menu.png using Guid(75f9393f72381a94c8155604d4b414aa) Importer(815301076,1909f56bfc062723c751e8b465ee728b)  -> (artifact id: 'b02269bb03ae2bc354ea5602e607c1ed') in 0.038493 seconds
  Import took 0.043571 seconds .

========================================================================
Received Import Request.
  Time since last request: 0.000428 seconds.
  path: Assets/UI_Elements/Menus/completion_menu.png
  artifactKey: Guid(4ec975614d581d94c98bc7c603653cab) Importer(815301076,1909f56bfc062723c751e8b465ee728b)
Start importing Assets/UI_Elements/Menus/completion_menu.png using Guid(4ec975614d581d94c98bc7c603653cab) Importer(815301076,1909f56bfc062723c751e8b465ee728b)  -> (artifact id: '41a87ee70602025eb7c158fb285ed2f7') in 0.039608 seconds
  Import took 0.044327 seconds .

========================================================================
Received Import Request.
  Time since last request: 0.000326 seconds.
  path: Assets/UI_Elements/Menus/info_menu.png
  artifactKey: Guid(302200030eca4d940818cf8b9d1b886b) Importer(815301076,1909f56bfc062723c751e8b465ee728b)
Start importing Assets/UI_Elements/Menus/info_menu.png using Guid(302200030eca4d940818cf8b9d1b886b) Importer(815301076,1909f56bfc062723c751e8b465ee728b)  -> (artifact id: '1230e4d37c2e0ed86646b03e02c29966') in 0.048256 seconds
  Import took 0.052783 seconds .

========================================================================
Received Import Request.
  Time since last request: 0.000406 seconds.
  path: Assets/UI_Elements/Menus/Overlay_Darker.png
  artifactKey: Guid(2c12cb7183c12f941a75fff159e76567) Importer(815301076,1909f56bfc062723c751e8b465ee728b)
Start importing Assets/UI_Elements/Menus/Overlay_Darker.png using Guid(2c12cb7183c12f941a75fff159e76567) Importer(815301076,1909f56bfc062723c751e8b465ee728b)  -> (artifact id: '07ebf708b2a6ef20de1a117957d0db05') in 0.061417 seconds
  Import took 0.067195 seconds .

========================================================================
Received Import Request.
  Time since last request: 0.000375 seconds.
  path: Assets/UI_Elements/Menus/red_menu.png
  artifactKey: Guid(6e3a781c42422624abe6e3ae7160e6a2) Importer(815301076,1909f56bfc062723c751e8b465ee728b)
Start importing Assets/UI_Elements/Menus/red_menu.png using Guid(6e3a781c42422624abe6e3ae7160e6a2) Importer(815301076,1909f56bfc062723c751e8b465ee728b)  -> (artifact id: '69517b35d3c85cb7117b9e3fcb373ae5') in 0.053725 seconds
  Import took 0.057934 seconds .

========================================================================
Received Import Request.
  Time since last request: 0.191398 seconds.
  path: Assets/UI_Prefabs/Completion_menu.prefab
  artifactKey: Guid(bf7d4fde28e45e046bd4bec0c545185a) Importer(815301076,1909f56bfc062723c751e8b465ee728b)
Start importing Assets/UI_Prefabs/Completion_menu.prefab using Guid(bf7d4fde28e45e046bd4bec0c545185a) Importer(815301076,1909f56bfc062723c751e8b465ee728b)  -> (artifact id: '544fd8bc8ed0b102ac43c520ae30e446') in 0.073357 seconds
  Import took 0.077039 seconds .

========================================================================
Received Import Request.
  Time since last request: 0.000270 seconds.
  path: Assets/UI_Prefabs/NoStar.prefab
  artifactKey: Guid(8712531420b1c0146974383de6d97b9d) Importer(815301076,1909f56bfc062723c751e8b465ee728b)
Start importing Assets/UI_Prefabs/NoStar.prefab using Guid(8712531420b1c0146974383de6d97b9d) Importer(815301076,1909f56bfc062723c751e8b465ee728b)  -> (artifact id: '6bf01916f408ea8b18975f94ca17efa2') in 0.012081 seconds
  Import took 0.015782 seconds .

========================================================================
Received Import Request.
  Time since last request: 0.000246 seconds.
  path: Assets/UI_Prefabs/LB Panel.prefab
  artifactKey: Guid(eb6383d6a9f3e1d41bebd17849b446ee) Importer(815301076,1909f56bfc062723c751e8b465ee728b)
Start importing Assets/UI_Prefabs/LB Panel.prefab using Guid(eb6383d6a9f3e1d41bebd17849b446ee) Importer(815301076,1909f56bfc062723c751e8b465ee728b)  -> (artifact id: '3e17969678042d66e4a8b802f0d07cb7') in 0.024015 seconds
  Import took 0.027137 seconds .

========================================================================
Received Import Request.
  Time since last request: 0.000283 seconds.
  path: Assets/UI_Prefabs/InGame_Top Bar.prefab
  artifactKey: Guid(c70d1199a4221b041870382d5c3e4d0d) Importer(815301076,1909f56bfc062723c751e8b465ee728b)
Start importing Assets/UI_Prefabs/InGame_Top Bar.prefab using Guid(c70d1199a4221b041870382d5c3e4d0d) Importer(815301076,1909f56bfc062723c751e8b465ee728b)  -> (artifact id: '950b10e7446ac3ea033c9202ca918052') in 0.030995 seconds
  Import took 0.034555 seconds .

========================================================================
Received Import Request.
  Time since last request: 0.000361 seconds.
  path: Assets/UI_Prefabs/HalfStars.prefab
  artifactKey: Guid(ad829520fd21d7145b8b9616cba5bd6f) Importer(815301076,1909f56bfc062723c751e8b465ee728b)
Start importing Assets/UI_Prefabs/HalfStars.prefab using Guid(ad829520fd21d7145b8b9616cba5bd6f) Importer(815301076,1909f56bfc062723c751e8b465ee728b)  -> (artifact id: '11f8d24db7c9759fdf9c18651962388c') in 0.011535 seconds
  Import took 0.014465 seconds .

========================================================================
Received Import Request.
  Time since last request: 0.000303 seconds.
  path: Assets/UI_Prefabs/Pause_Menu.prefab
  artifactKey: Guid(04935afd27d3d3b4fbe46d39e803923f) Importer(815301076,1909f56bfc062723c751e8b465ee728b)
Start importing Assets/UI_Prefabs/Pause_Menu.prefab using Guid(04935afd27d3d3b4fbe46d39e803923f) Importer(815301076,1909f56bfc062723c751e8b465ee728b)  -> (artifact id: '5cae1ff543ca6f400d9d427fb252009b') in 0.071191 seconds
  Import took 0.076312 seconds .

========================================================================
Received Import Request.
  Time since last request: 0.000292 seconds.
  path: Assets/UI_Prefabs/FullStars.prefab
  artifactKey: Guid(bdbf464e623553248bebab9b6d3df608) Importer(815301076,1909f56bfc062723c751e8b465ee728b)
Start importing Assets/UI_Prefabs/FullStars.prefab using Guid(bdbf464e623553248bebab9b6d3df608) Importer(815301076,1909f56bfc062723c751e8b465ee728b)  -> (artifact id: '7d924f48d6db696ac700378c320f4bd0') in 0.013869 seconds
  Import took 0.016770 seconds .

========================================================================
Received Import Request.
  Time since last request: 0.000250 seconds.
  path: Assets/UI_Prefabs/InGame_Menu.prefab
  artifactKey: Guid(48b1e16dd756dfb4fb76d90808392901) Importer(815301076,1909f56bfc062723c751e8b465ee728b)
Start importing Assets/UI_Prefabs/InGame_Menu.prefab using Guid(48b1e16dd756dfb4fb76d90808392901) Importer(815301076,1909f56bfc062723c751e8b465ee728b)  -> (artifact id: 'c46144c97620f09f8477a27a181ac964') in 0.027406 seconds
  Import took 0.031281 seconds .

========================================================================
Received Import Request.
  Time since last request: 0.000321 seconds.
  path: Assets/UI_Prefabs/OneStar.prefab
  artifactKey: Guid(bb3d4afc677e1c34b8893ea0789ffeee) Importer(815301076,1909f56bfc062723c751e8b465ee728b)
Start importing Assets/UI_Prefabs/OneStar.prefab using Guid(bb3d4afc677e1c34b8893ea0789ffeee) Importer(815301076,1909f56bfc062723c751e8b465ee728b)  -> (artifact id: 'bc67327bf5aea7c509fc719b9fb105f8') in 0.012154 seconds
  Import took 0.015302 seconds .

========================================================================
Received Import Request.
  Time since last request: 0.000236 seconds.
  path: Assets/UI_Prefabs/Menu_Prefab.prefab
  artifactKey: Guid(cac1b875eb4cf4f4f853213b28b77804) Importer(815301076,1909f56bfc062723c751e8b465ee728b)
Start importing Assets/UI_Prefabs/Menu_Prefab.prefab using Guid(cac1b875eb4cf4f4f853213b28b77804) Importer(815301076,1909f56bfc062723c751e8b465ee728b)  -> (artifact id: '796f7760256d1602dc414c4bb801bd3f') in 0.030208 seconds
  Import took 0.034291 seconds .

========================================================================
Received Import Request.
  Time since last request: 0.000264 seconds.
  path: Assets/UI_Prefabs/Username_Prefab.prefab
  artifactKey: Guid(7c12d925002419f468115789614b511f) Importer(815301076,1909f56bfc062723c751e8b465ee728b)
Start importing Assets/UI_Prefabs/Username_Prefab.prefab using Guid(7c12d925002419f468115789614b511f) Importer(815301076,1909f56bfc062723c751e8b465ee728b)  -> (artifact id: '0e2ba353b7372f6a9d01edde6d89916d') in 0.066431 seconds
  Import took 0.070395 seconds .

========================================================================
Received Import Request.
  Time since last request: 0.000339 seconds.
  path: Assets/UI_Prefabs/Top Bar.prefab
  artifactKey: Guid(4b65712875fe4de4e9f37fd03d93693d) Importer(815301076,1909f56bfc062723c751e8b465ee728b)
Start importing Assets/UI_Prefabs/Top Bar.prefab using Guid(4b65712875fe4de4e9f37fd03d93693d) Importer(815301076,1909f56bfc062723c751e8b465ee728b)  -> (artifact id: '94c727bc195002e4330a0ee588b62a6a') in 0.020604 seconds
  Import took 0.024791 seconds .

========================================================================
Received Import Request.
  Time since last request: 0.000255 seconds.
  path: Assets/UI_Prefabs/Quit Menu.prefab
  artifactKey: Guid(1034d142c5a337c4a868b707925c9c8e) Importer(815301076,1909f56bfc062723c751e8b465ee728b)
Start importing Assets/UI_Prefabs/Quit Menu.prefab using Guid(1034d142c5a337c4a868b707925c9c8e) Importer(815301076,1909f56bfc062723c751e8b465ee728b)  -> (artifact id: 'a8f339969693199193d41fdb6af16b05') in 0.030500 seconds
  Import took 0.033201 seconds .

========================================================================
Received Import Request.
  Time since last request: 6.396749 seconds.
  path: Assets/UI_SplashScreens/Bckgrd.png
  artifactKey: Guid(0e10766885b4b6848ab4b64328c47244) Importer(815301076,1909f56bfc062723c751e8b465ee728b)
Start importing Assets/UI_SplashScreens/Bckgrd.png using Guid(0e10766885b4b6848ab4b64328c47244) Importer(815301076,1909f56bfc062723c751e8b465ee728b)  -> (artifact id: '4b7fa7147ce9397eccf9ebd43f6e6292') in 0.051220 seconds
  Import took 0.056655 seconds .

========================================================================
Received Import Request.
  Time since last request: 0.000485 seconds.
  path: Assets/UI_SplashScreens/Overlay_Dark.png
  artifactKey: Guid(053b1be654019ac409d1ba5e8fd4b2e5) Importer(815301076,1909f56bfc062723c751e8b465ee728b)
Start importing Assets/UI_SplashScreens/Overlay_Dark.png using Guid(053b1be654019ac409d1ba5e8fd4b2e5) Importer(815301076,1909f56bfc062723c751e8b465ee728b)  -> (artifact id: '1cbcb1f4c8eaa2148fabb85eb10b3e47') in 0.057747 seconds
  Import took 0.062184 seconds .

========================================================================
Received Import Request.
  Time since last request: 0.000522 seconds.
  path: Assets/UI_SplashScreens/Title.png
  artifactKey: Guid(a7740d0ba4d374c43a98a7c0ed10f463) Importer(815301076,1909f56bfc062723c751e8b465ee728b)
Start importing Assets/UI_SplashScreens/Title.png using Guid(a7740d0ba4d374c43a98a7c0ed10f463) Importer(815301076,1909f56bfc062723c751e8b465ee728b)  -> (artifact id: '9c3f22028308555d4c4e05ff3f6b17a3') in 0.048695 seconds
  Import took 0.053805 seconds .

========================================================================
Received Import Request.
  Time since last request: 0.000440 seconds.
  path: Assets/UI_SplashScreens/Overlay_Light.png
  artifactKey: Guid(d7fd0c4b76872fe41afce7778da9ef6a) Importer(815301076,1909f56bfc062723c751e8b465ee728b)
Start importing Assets/UI_SplashScreens/Overlay_Light.png using Guid(d7fd0c4b76872fe41afce7778da9ef6a) Importer(815301076,1909f56bfc062723c751e8b465ee728b)  -> (artifact id: '777553dc9a7847dfc66b09e99470c847') in 0.053502 seconds
  Import took 0.066282 seconds .

========================================================================
Received Import Request.
  Time since last request: 0.000545 seconds.
  path: Assets/UI_SplashScreens/World Map.png
  artifactKey: Guid(2805dc893f5823844a221647ee5130e2) Importer(815301076,1909f56bfc062723c751e8b465ee728b)
Start importing Assets/UI_SplashScreens/World Map.png using Guid(2805dc893f5823844a221647ee5130e2) Importer(815301076,1909f56bfc062723c751e8b465ee728b)  -> (artifact id: '06a190d1b3b95d8f636089aeaaca6ec0') in 0.046624 seconds
  Import took 0.052577 seconds .

========================================================================
Received Import Request.
  Time since last request: 0.000475 seconds.
  path: Assets/UI_SplashScreens/Level Map.png
  artifactKey: Guid(eefe9ad32d9a70c4b890a882a0d2b26b) Importer(815301076,1909f56bfc062723c751e8b465ee728b)
Start importing Assets/UI_SplashScreens/Level Map.png using Guid(eefe9ad32d9a70c4b890a882a0d2b26b) Importer(815301076,1909f56bfc062723c751e8b465ee728b)  -> (artifact id: '2330f3a20ca0173fb5499848763c32e0') in 0.054347 seconds
  Import took 0.058968 seconds .

========================================================================
Received Import Request.
  Time since last request: 0.000329 seconds.
  path: Assets/UI_SplashScreens/Main Landing Page.png
  artifactKey: Guid(335fbd9df0468c64d908de84b7d244f3) Importer(815301076,1909f56bfc062723c751e8b465ee728b)
Start importing Assets/UI_SplashScreens/Main Landing Page.png using Guid(335fbd9df0468c64d908de84b7d244f3) Importer(815301076,1909f56bfc062723c751e8b465ee728b)  -> (artifact id: '44c559df7858581723bb0408680be65f') in 0.053549 seconds
  Import took 0.067249 seconds .

========================================================================
Received Import Request.
  Time since last request: 0.000350 seconds.
  path: Assets/UI_SplashScreens/Secondary Landing Page.png
  artifactKey: Guid(f4673073cca84c140b5bb7eb16d7bcaf) Importer(815301076,1909f56bfc062723c751e8b465ee728b)
Start importing Assets/UI_SplashScreens/Secondary Landing Page.png using Guid(f4673073cca84c140b5bb7eb16d7bcaf) Importer(815301076,1909f56bfc062723c751e8b465ee728b)  -> (artifact id: '4dd5d61364009cf6f85aaa9027fc630a') in 0.053243 seconds
  Import took 0.057745 seconds .

========================================================================
Received Import Request.
  Time since last request: 0.000383 seconds.
  path: Assets/UI_SplashScreens/Play Btn.png
  artifactKey: Guid(1ec89b44c1bdfbd468e17b0676fe213a) Importer(815301076,1909f56bfc062723c751e8b465ee728b)
Start importing Assets/UI_SplashScreens/Play Btn.png using Guid(1ec89b44c1bdfbd468e17b0676fe213a) Importer(815301076,1909f56bfc062723c751e8b465ee728b)  -> (artifact id: '5e4bcfd09bbae5660804802f01d6964e') in 0.046230 seconds
  Import took 0.051545 seconds .

========================================================================
Received Import Request.
  Time since last request: 116.289585 seconds.
  path: Assets/ReusedScripts
  artifactKey: Guid(7fc9783330b849942a2ce02ef40dc4fe) Importer(815301076,1909f56bfc062723c751e8b465ee728b)
Start importing Assets/ReusedScripts using Guid(7fc9783330b849942a2ce02ef40dc4fe) Importer(815301076,1909f56bfc062723c751e8b465ee728b)  -> (artifact id: 'd91e81af7190c9fa0b031020ffe9db97') in 0.019124 seconds
  Import took 0.025319 seconds .

========================================================================
Received Import Request.
  Time since last request: 24.457132 seconds.
  path: Assets/Scenes/CallScene.unity
  artifactKey: Guid(85932fccd36b8414cb0f979001c642bf) Importer(815301076,1909f56bfc062723c751e8b465ee728b)
Start importing Assets/Scenes/CallScene.unity using Guid(85932fccd36b8414cb0f979001c642bf) Importer(815301076,1909f56bfc062723c751e8b465ee728b)  -> (artifact id: '836ab321de35ca4c07274db3977642f3') in 0.004856 seconds
  Import took 0.018725 seconds .

========================================================================
Received Import Request.
  Time since last request: 181.235685 seconds.
  path: Assets/UI_Prefabs/InGame_Menu.prefab
  artifactKey: Guid(48b1e16dd756dfb4fb76d90808392901) Importer(815301076,1909f56bfc062723c751e8b465ee728b)
Start importing Assets/UI_Prefabs/InGame_Menu.prefab using Guid(48b1e16dd756dfb4fb76d90808392901) Importer(815301076,1909f56bfc062723c751e8b465ee728b)  -> (artifact id: '051f7361e8d8503619d660411416ec98') in 0.030766 seconds
  Import took 0.036992 seconds .

========================================================================
Received Import Request.
  Time since last request: 18.759196 seconds.
  path: Assets/Scenes/CallScene.unity
  artifactKey: Guid(85932fccd36b8414cb0f979001c642bf) Importer(815301076,1909f56bfc062723c751e8b465ee728b)
Start importing Assets/Scenes/CallScene.unity using Guid(85932fccd36b8414cb0f979001c642bf) Importer(815301076,1909f56bfc062723c751e8b465ee728b)  -> (artifact id: 'df199bfa2886a8b0732bf425c24e9ccb') in 0.005335 seconds
  Import took 0.010886 seconds .

========================================================================
Received Import Request.
  Time since last request: 18.934822 seconds.
  path: Assets/Scenes/CallScene.unity
  artifactKey: Guid(85932fccd36b8414cb0f979001c642bf) Importer(815301076,1909f56bfc062723c751e8b465ee728b)
Start importing Assets/Scenes/CallScene.unity using Guid(85932fccd36b8414cb0f979001c642bf) Importer(815301076,1909f56bfc062723c751e8b465ee728b)  -> (artifact id: '3c4cb15f55caca35274a2c9cd35add85') in 0.002857 seconds
  Import took 0.005786 seconds .

========================================================================
Received Import Request.
  Time since last request: 0.001483 seconds.
  path: Assets/Scenes/CallScene.unity
  artifactKey: Guid(85932fccd36b8414cb0f979001c642bf) Importer(815301076,1909f56bfc062723c751e8b465ee728b)
Start importing Assets/Scenes/CallScene.unity using Guid(85932fccd36b8414cb0f979001c642bf) Importer(815301076,1909f56bfc062723c751e8b465ee728b)  -> (artifact id: '3c4cb15f55caca35274a2c9cd35add85') in 0.002852 seconds
  Import took 0.006187 seconds .

========================================================================
Received Import Request.
  Time since last request: 81.821147 seconds.
  path: Assets/ScreenShots/Call
  artifactKey: Guid(692b78a3bc4d5e74aa50dba045d0d2d7) Importer(815301076,1909f56bfc062723c751e8b465ee728b)
Start importing Assets/ScreenShots/Call using Guid(692b78a3bc4d5e74aa50dba045d0d2d7) Importer(815301076,1909f56bfc062723c751e8b465ee728b)  -> (artifact id: '510b4908b62880477d74edad2dd92c6a') in 0.018488 seconds
  Import took 0.023280 seconds .

========================================================================
Received Import Request.
  Time since last request: 0.554932 seconds.
  path: Assets/ScreenShots/Email
  artifactKey: Guid(0b7f4012e4db60e4584c4d20b2c478d9) Importer(815301076,1909f56bfc062723c751e8b465ee728b)
Start importing Assets/ScreenShots/Email using Guid(0b7f4012e4db60e4584c4d20b2c478d9) Importer(815301076,1909f56bfc062723c751e8b465ee728b)  -> (artifact id: '938890006940cdd45c628b8217ec0bc8') in 0.016885 seconds
  Import took 0.021500 seconds .

========================================================================
Received Import Request.
  Time since last request: 0.069370 seconds.
  path: Assets/ScreenShots/Email/1e btn.png
  artifactKey: Guid(d11133511b17bb045804fdfb1da9f6a4) Importer(815301076,1909f56bfc062723c751e8b465ee728b)
Start importing Assets/ScreenShots/Email/1e btn.png using Guid(d11133511b17bb045804fdfb1da9f6a4) Importer(815301076,1909f56bfc062723c751e8b465ee728b)  -> (artifact id: '835dd640fff5555d52078475c5108e03') in 0.035792 seconds
  Import took 0.040310 seconds .

========================================================================
Received Import Request.
  Time since last request: 0.000355 seconds.
  path: Assets/ScreenShots/Email/7e btn.png
  artifactKey: Guid(46f5124157ce55e49965e46e2e0cc59b) Importer(815301076,1909f56bfc062723c751e8b465ee728b)
Start importing Assets/ScreenShots/Email/7e btn.png using Guid(46f5124157ce55e49965e46e2e0cc59b) Importer(815301076,1909f56bfc062723c751e8b465ee728b)  -> (artifact id: '5c5afe4964a62e87354b71ea803fc347') in 0.027811 seconds
  Import took 0.032434 seconds .

========================================================================
Received Import Request.
  Time since last request: 0.000366 seconds.
  path: Assets/ScreenShots/Email/6e content.png
  artifactKey: Guid(3e45d6fd59ae97a4e833b563dc780fc6) Importer(815301076,1909f56bfc062723c751e8b465ee728b)
Start importing Assets/ScreenShots/Email/6e content.png using Guid(3e45d6fd59ae97a4e833b563dc780fc6) Importer(815301076,1909f56bfc062723c751e8b465ee728b)  -> (artifact id: 'a18e1f9f6f41de49e0b6c81c96093277') in 0.060714 seconds
  Import took 0.066097 seconds .

========================================================================
Received Import Request.
  Time since last request: 0.000412 seconds.
  path: Assets/ScreenShots/Email/5e content.png
  artifactKey: Guid(ac99c9a2e4617f3469b07148ebaad22e) Importer(815301076,1909f56bfc062723c751e8b465ee728b)
Start importing Assets/ScreenShots/Email/5e content.png using Guid(ac99c9a2e4617f3469b07148ebaad22e) Importer(815301076,1909f56bfc062723c751e8b465ee728b)  -> (artifact id: 'd2c2abfbd095332e4551334ab75fb455') in 0.042798 seconds
  Import took 0.048180 seconds .

========================================================================
Received Import Request.
  Time since last request: 0.000354 seconds.
  path: Assets/ScreenShots/Email/4e btn.png
  artifactKey: Guid(bef95bdd19a0354468217a3c473495f2) Importer(815301076,1909f56bfc062723c751e8b465ee728b)
Start importing Assets/ScreenShots/Email/4e btn.png using Guid(bef95bdd19a0354468217a3c473495f2) Importer(815301076,1909f56bfc062723c751e8b465ee728b)  -> (artifact id: 'ab86008e444d7f7f6b738c1f3b37f9d1') in 0.037439 seconds
  Import took 0.041993 seconds .

========================================================================
Received Import Request.
  Time since last request: 0.000387 seconds.
  path: Assets/ScreenShots/Email/5e btn.png
  artifactKey: Guid(9b7c5df0e7e915c40975987108570f80) Importer(815301076,1909f56bfc062723c751e8b465ee728b)
Start importing Assets/ScreenShots/Email/5e btn.png using Guid(9b7c5df0e7e915c40975987108570f80) Importer(815301076,1909f56bfc062723c751e8b465ee728b)  -> (artifact id: '90118b5d8f24df2f213a093fc42571f2') in 0.029251 seconds
  Import took 0.034404 seconds .

========================================================================
Received Import Request.
  Time since last request: 0.000338 seconds.
  path: Assets/ScreenShots/Email/6e btn.png
  artifactKey: Guid(c986accd305a9fc428217eee216bb86a) Importer(815301076,1909f56bfc062723c751e8b465ee728b)
Start importing Assets/ScreenShots/Email/6e btn.png using Guid(c986accd305a9fc428217eee216bb86a) Importer(815301076,1909f56bfc062723c751e8b465ee728b)  -> (artifact id: '8fd7cdfaed423a72c2a6b484158837d8') in 0.026486 seconds
  Import took 0.031944 seconds .

========================================================================
Received Import Request.
  Time since last request: 0.000388 seconds.
  path: Assets/ScreenShots/Email/1e content.png
  artifactKey: Guid(33886dbb8ae098448b062ac49caa4733) Importer(815301076,1909f56bfc062723c751e8b465ee728b)
Start importing Assets/ScreenShots/Email/1e content.png using Guid(33886dbb8ae098448b062ac49caa4733) Importer(815301076,1909f56bfc062723c751e8b465ee728b)  -> (artifact id: '594376ccbb12c35d09d30ae8e40424a5') in 0.059149 seconds
  Import took 0.063249 seconds .

========================================================================
Received Import Request.
  Time since last request: 0.000387 seconds.
  path: Assets/ScreenShots/Email/2e btn.png
  artifactKey: Guid(b6ae580c7a70dd4449f3e548beb271d0) Importer(815301076,1909f56bfc062723c751e8b465ee728b)
Start importing Assets/ScreenShots/Email/2e btn.png using Guid(b6ae580c7a70dd4449f3e548beb271d0) Importer(815301076,1909f56bfc062723c751e8b465ee728b)  -> (artifact id: 'ef92ba7ef1f7e9162d3f6beab96a4ade') in 0.030874 seconds
  Import took 0.035401 seconds .

========================================================================
Received Import Request.
  Time since last request: 0.000320 seconds.
  path: Assets/ScreenShots/Email/2e content.png
  artifactKey: Guid(7b621a29275eb574095c7b8e1ad3ba65) Importer(815301076,1909f56bfc062723c751e8b465ee728b)
Start importing Assets/ScreenShots/Email/2e content.png using Guid(7b621a29275eb574095c7b8e1ad3ba65) Importer(815301076,1909f56bfc062723c751e8b465ee728b)  -> (artifact id: '6878d40e8e03245c968ea642be2ce389') in 0.052928 seconds
  Import took 0.058223 seconds .

========================================================================
Received Import Request.
  Time since last request: 0.000365 seconds.
  path: Assets/ScreenShots/Email/9e btn.png
  artifactKey: Guid(81656638084895844bd40157ecb73f79) Importer(815301076,1909f56bfc062723c751e8b465ee728b)
Start importing Assets/ScreenShots/Email/9e btn.png using Guid(81656638084895844bd40157ecb73f79) Importer(815301076,1909f56bfc062723c751e8b465ee728b)  -> (artifact id: 'aabe0b0ca752e76b4bd3683274c853f3') in 0.033289 seconds
  Import took 0.038426 seconds .

========================================================================
Received Import Request.
  Time since last request: 0.000357 seconds.
  path: Assets/ScreenShots/Email/8e content.png
  artifactKey: Guid(b4d0e47bf286b0042873c9a978c66c91) Importer(815301076,1909f56bfc062723c751e8b465ee728b)
Start importing Assets/ScreenShots/Email/8e content.png using Guid(b4d0e47bf286b0042873c9a978c66c91) Importer(815301076,1909f56bfc062723c751e8b465ee728b)  -> (artifact id: '24c74f302bbf8f45e120981dd727b959') in 0.048925 seconds
  Import took 0.054227 seconds .

========================================================================
Received Import Request.
  Time since last request: 0.000597 seconds.
  path: Assets/ScreenShots/Email/10e btn.png
  artifactKey: Guid(98231ef407088df4ea32e8f934dd901a) Importer(815301076,1909f56bfc062723c751e8b465ee728b)
Start importing Assets/ScreenShots/Email/10e btn.png using Guid(98231ef407088df4ea32e8f934dd901a) Importer(815301076,1909f56bfc062723c751e8b465ee728b)  -> (artifact id: 'cd0aba77e97afcf4db9b679d3c7e73a4') in 0.035241 seconds
  Import took 0.039817 seconds .

========================================================================
Received Import Request.
  Time since last request: 0.000364 seconds.
  path: Assets/ScreenShots/Email/7e content.png
  artifactKey: Guid(7b53bf0371f08de4a8d3e6029b30640a) Importer(815301076,1909f56bfc062723c751e8b465ee728b)
Start importing Assets/ScreenShots/Email/7e content.png using Guid(7b53bf0371f08de4a8d3e6029b30640a) Importer(815301076,1909f56bfc062723c751e8b465ee728b)  -> (artifact id: 'ad0e8bccfa3b2f88b88a044ff493dec9') in 0.065519 seconds
  Import took 0.070387 seconds .

========================================================================
Received Import Request.
  Time since last request: 0.000400 seconds.
  path: Assets/ScreenShots/Email/10e content.png
  artifactKey: Guid(a001ffae9fd7eab4e8b7f1ffcc76058f) Importer(815301076,1909f56bfc062723c751e8b465ee728b)
Start importing Assets/ScreenShots/Email/10e content.png using Guid(a001ffae9fd7eab4e8b7f1ffcc76058f) Importer(815301076,1909f56bfc062723c751e8b465ee728b)  -> (artifact id: 'd54afc98c4416c43d5fafa464d48c92b') in 0.063215 seconds
  Import took 0.068200 seconds .

========================================================================
Received Import Request.
  Time since last request: 0.000373 seconds.
  path: Assets/ScreenShots/Email/8e btn.png
  artifactKey: Guid(84e430737d518ff4e81e9a9f1b2ca15a) Importer(815301076,1909f56bfc062723c751e8b465ee728b)
Start importing Assets/ScreenShots/Email/8e btn.png using Guid(84e430737d518ff4e81e9a9f1b2ca15a) Importer(815301076,1909f56bfc062723c751e8b465ee728b)  -> (artifact id: 'c43e0239536e659493c0aca97a53ba9d') in 0.031962 seconds
  Import took 0.038106 seconds .

========================================================================
Received Import Request.
  Time since last request: 0.000455 seconds.
  path: Assets/ScreenShots/Email/Email Panel.png
  artifactKey: Guid(68f73efb19f009e4ea1dff1652539f9f) Importer(815301076,1909f56bfc062723c751e8b465ee728b)
Start importing Assets/ScreenShots/Email/Email Panel.png using Guid(68f73efb19f009e4ea1dff1652539f9f) Importer(815301076,1909f56bfc062723c751e8b465ee728b)  -> (artifact id: '36d67c1ba81322e57c98d8547bd8bd13') in 0.029828 seconds
  Import took 0.035186 seconds .

========================================================================
Received Import Request.
  Time since last request: 0.000391 seconds.
  path: Assets/ScreenShots/Email/9e content.png
  artifactKey: Guid(43098c0828c565b41af5b41806c30e73) Importer(815301076,1909f56bfc062723c751e8b465ee728b)
Start importing Assets/ScreenShots/Email/9e content.png using Guid(43098c0828c565b41af5b41806c30e73) Importer(815301076,1909f56bfc062723c751e8b465ee728b)  -> (artifact id: '3c23cff4f2d9ac70d6d55b2a2333017c') in 0.060494 seconds
  Import took 0.065999 seconds .

========================================================================
Received Import Request.
  Time since last request: 0.000421 seconds.
  path: Assets/ScreenShots/Email/3e content.png
  artifactKey: Guid(fa4059fd0abc64e489643476efd81b76) Importer(815301076,1909f56bfc062723c751e8b465ee728b)
Start importing Assets/ScreenShots/Email/3e content.png using Guid(fa4059fd0abc64e489643476efd81b76) Importer(815301076,1909f56bfc062723c751e8b465ee728b)  -> (artifact id: '6e0b6b663e555e164e14b1453cbdebc5') in 0.058511 seconds
  Import took 0.062945 seconds .

========================================================================
Received Import Request.
  Time since last request: 0.000495 seconds.
  path: Assets/ScreenShots/Email/3e btn.png
  artifactKey: Guid(2d6fe2219a2cec446a6c5711f1bcccd0) Importer(815301076,1909f56bfc062723c751e8b465ee728b)
Start importing Assets/ScreenShots/Email/3e btn.png using Guid(2d6fe2219a2cec446a6c5711f1bcccd0) Importer(815301076,1909f56bfc062723c751e8b465ee728b)  -> (artifact id: 'cd6462a3166b188d9bc1039064945349') in 0.027217 seconds
  Import took 0.031286 seconds .

========================================================================
Received Import Request.
  Time since last request: 0.000290 seconds.
  path: Assets/ScreenShots/Email/4e content.png
  artifactKey: Guid(27ce2356905f5374e901495e7e295af6) Importer(815301076,1909f56bfc062723c751e8b465ee728b)
Start importing Assets/ScreenShots/Email/4e content.png using Guid(27ce2356905f5374e901495e7e295af6) Importer(815301076,1909f56bfc062723c751e8b465ee728b)  -> (artifact id: 'dc94cf848aaa9c6ff53132dfa158ed4b') in 0.047650 seconds
  Import took 0.050512 seconds .

========================================================================
Received Import Request.
  Time since last request: 11.487274 seconds.
  path: Assets/ScreenShots/Call/btn prefabs
  artifactKey: Guid(b9cf1811b3ed1a347b75ea7d8ba3ac4f) Importer(815301076,1909f56bfc062723c751e8b465ee728b)
Start importing Assets/ScreenShots/Call/btn prefabs using Guid(b9cf1811b3ed1a347b75ea7d8ba3ac4f) Importer(815301076,1909f56bfc062723c751e8b465ee728b)  -> (artifact id: 'bd30427181458332f80af8276a3f2b90') in 0.017595 seconds
  Import took 0.023670 seconds .

========================================================================
Received Import Request.
  Time since last request: 22.444038 seconds.
  path: Assets/ScreenShots/Call/1c btn.png
  artifactKey: Guid(53611227d3b54324687d228783a97fa2) Importer(815301076,1909f56bfc062723c751e8b465ee728b)
Start importing Assets/ScreenShots/Call/1c btn.png using Guid(53611227d3b54324687d228783a97fa2) Importer(815301076,1909f56bfc062723c751e8b465ee728b)  -> (artifact id: 'bc3c4be577ea9cbf7272e101fc68760f') in 0.058051 seconds
  Import took 0.064696 seconds .

========================================================================
Received Import Request.
  Time since last request: 0.000584 seconds.
  path: Assets/ScreenShots/Call/Call Panel.png
  artifactKey: Guid(e77631cfbd6661749866536162b5eeae) Importer(815301076,1909f56bfc062723c751e8b465ee728b)
Start importing Assets/ScreenShots/Call/Call Panel.png using Guid(e77631cfbd6661749866536162b5eeae) Importer(815301076,1909f56bfc062723c751e8b465ee728b)  -> (artifact id: 'e7073adff77a982415fe5167ce0078a9') in 0.028487 seconds
  Import took 0.034903 seconds .

========================================================================
Received Import Request.
  Time since last request: 0.000418 seconds.
  path: Assets/ScreenShots/Call/1c content.png
  artifactKey: Guid(da74a362ccad2b14dbd261394baec717) Importer(815301076,1909f56bfc062723c751e8b465ee728b)
Start importing Assets/ScreenShots/Call/1c content.png using Guid(da74a362ccad2b14dbd261394baec717) Importer(815301076,1909f56bfc062723c751e8b465ee728b)  -> (artifact id: 'f2f70109867ee2bc1a26f18d4311b353') in 0.080828 seconds
  Import took 0.087666 seconds .

========================================================================
Received Import Request.
  Time since last request: 181.223979 seconds.
  path: Assets/ScreenShots/Call/btn prefabs/1c btn.prefab
  artifactKey: Guid(c2064bf7a88b3a44d8818f009e2bfb3f) Importer(815301076,1909f56bfc062723c751e8b465ee728b)
Start importing Assets/ScreenShots/Call/btn prefabs/1c btn.prefab using Guid(c2064bf7a88b3a44d8818f009e2bfb3f) Importer(815301076,1909f56bfc062723c751e8b465ee728b)  -> (artifact id: 'a6216aa86d6f9af347ccdc810bc3e523') in 0.006442 seconds
  Import took 0.014088 seconds .

========================================================================
Received Import Request.
  Time since last request: 0.032261 seconds.
  path: Assets/ScreenShots/Call/btn prefabs/1c btn.prefab
  artifactKey: Guid(c2064bf7a88b3a44d8818f009e2bfb3f) Importer(815301076,1909f56bfc062723c751e8b465ee728b)
Start importing Assets/ScreenShots/Call/btn prefabs/1c btn.prefab using Guid(c2064bf7a88b3a44d8818f009e2bfb3f) Importer(815301076,1909f56bfc062723c751e8b465ee728b)  -> (artifact id: 'a6216aa86d6f9af347ccdc810bc3e523') in 0.005108 seconds
  Import took 0.010874 seconds .

========================================================================
Received Import Request.
  Time since last request: 469.562559 seconds.
  path: Assets/UI_Elements/Buttons
  artifactKey: Guid(e24fd567362e0f0479e7e1c5661f1011) Importer(815301076,1909f56bfc062723c751e8b465ee728b)
Start importing Assets/UI_Elements/Buttons using Guid(e24fd567362e0f0479e7e1c5661f1011) Importer(815301076,1909f56bfc062723c751e8b465ee728b)  -> (artifact id: '13487e54f09bd75d906e207880b1d545') in 0.011190 seconds
  Import took 0.015184 seconds .

========================================================================
Received Import Request.
  Time since last request: 0.070502 seconds.
  path: Assets/UI_Elements/Buttons/Audio.png
  artifactKey: Guid(4f946d1e3e17080478f97bd06b01240e) Importer(815301076,1909f56bfc062723c751e8b465ee728b)
Start importing Assets/UI_Elements/Buttons/Audio.png using Guid(4f946d1e3e17080478f97bd06b01240e) Importer(815301076,1909f56bfc062723c751e8b465ee728b)  -> (artifact id: '7a2b12ec8cb44309bc7ec8324d9936aa') in 0.031116 seconds
  Import took 0.035018 seconds .

========================================================================
Received Import Request.
  Time since last request: 0.000448 seconds.
  path: Assets/UI_Elements/Buttons/Begin Btn.png
  artifactKey: Guid(c4b4c7f518985164c833816f59b5b2e3) Importer(815301076,1909f56bfc062723c751e8b465ee728b)
Start importing Assets/UI_Elements/Buttons/Begin Btn.png using Guid(c4b4c7f518985164c833816f59b5b2e3) Importer(815301076,1909f56bfc062723c751e8b465ee728b)  -> (artifact id: '5263332e8e3df02c4c868c7b4d56e645') in 0.030771 seconds
  Import took 0.033900 seconds .

========================================================================
Received Import Request.
  Time since last request: 0.000232 seconds.
  path: Assets/UI_Elements/Buttons/Main Btn.png
  artifactKey: Guid(f960d4d1ec5b27a4fbf1cecf46193729) Importer(815301076,1909f56bfc062723c751e8b465ee728b)
Start importing Assets/UI_Elements/Buttons/Main Btn.png using Guid(f960d4d1ec5b27a4fbf1cecf46193729) Importer(815301076,1909f56bfc062723c751e8b465ee728b)  -> (artifact id: '18a02eca93827ecda6245198b34375f4') in 0.018106 seconds
  Import took 0.021088 seconds .

========================================================================
Received Import Request.
  Time since last request: 0.000308 seconds.
  path: Assets/UI_Elements/Buttons/Edit Btn.png
  artifactKey: Guid(7ea4d74d46de0b24fb896e9f83a26a44) Importer(815301076,1909f56bfc062723c751e8b465ee728b)
Start importing Assets/UI_Elements/Buttons/Edit Btn.png using Guid(7ea4d74d46de0b24fb896e9f83a26a44) Importer(815301076,1909f56bfc062723c751e8b465ee728b)  -> (artifact id: 'dc96c564205b19625f8ce9876083ed71') in 0.024815 seconds
  Import took 0.028768 seconds .

========================================================================
Received Import Request.
  Time since last request: 0.000405 seconds.
  path: Assets/UI_Elements/Buttons/Pause btn.png
  artifactKey: Guid(13f7fb8d68193dd4c98fcf1bf39c7454) Importer(815301076,1909f56bfc062723c751e8b465ee728b)
Start importing Assets/UI_Elements/Buttons/Pause btn.png using Guid(13f7fb8d68193dd4c98fcf1bf39c7454) Importer(815301076,1909f56bfc062723c751e8b465ee728b)  -> (artifact id: '7100a3ba68921e76af72ac99db54a8f0') in 0.025469 seconds
  Import took 0.028944 seconds .

========================================================================
Received Import Request.
  Time since last request: 0.000337 seconds.
  path: Assets/UI_Elements/Buttons/HowTo Btn.png
  artifactKey: Guid(ae9df66142e94664185e2870b88be40f) Importer(815301076,1909f56bfc062723c751e8b465ee728b)
Start importing Assets/UI_Elements/Buttons/HowTo Btn.png using Guid(ae9df66142e94664185e2870b88be40f) Importer(815301076,1909f56bfc062723c751e8b465ee728b)  -> (artifact id: '33629f4a4f56e83070ea8b6b73a80f11') in 0.037045 seconds
  Import took 0.040515 seconds .

========================================================================
Received Import Request.
  Time since last request: 0.000285 seconds.
  path: Assets/UI_Elements/Buttons/Cancel Btn.png
  artifactKey: Guid(cf0bbd6d3f172b6458ec2d28d16c8231) Importer(815301076,1909f56bfc062723c751e8b465ee728b)
Start importing Assets/UI_Elements/Buttons/Cancel Btn.png using Guid(cf0bbd6d3f172b6458ec2d28d16c8231) Importer(815301076,1909f56bfc062723c751e8b465ee728b)  -> (artifact id: 'fc4a8f4029c606b1fc87d5bef185aba8') in 0.022515 seconds
  Import took 0.025829 seconds .

========================================================================
Received Import Request.
  Time since last request: 0.000280 seconds.
  path: Assets/UI_Elements/Buttons/default_white_small.png
  artifactKey: Guid(86e78a8b865400d448163ab5ed20af15) Importer(815301076,1909f56bfc062723c751e8b465ee728b)
Start importing Assets/UI_Elements/Buttons/default_white_small.png using Guid(86e78a8b865400d448163ab5ed20af15) Importer(815301076,1909f56bfc062723c751e8b465ee728b)  -> (artifact id: 'c1e68415e22cd906f1d2b92c5c42f54d') in 0.023101 seconds
  Import took 0.026692 seconds .

========================================================================
Received Import Request.
  Time since last request: 0.000325 seconds.
  path: Assets/UI_Elements/Buttons/Exit Btn.png
  artifactKey: Guid(aff508c6ef3b2834fb21bf529d0b8c1a) Importer(815301076,1909f56bfc062723c751e8b465ee728b)
Start importing Assets/UI_Elements/Buttons/Exit Btn.png using Guid(aff508c6ef3b2834fb21bf529d0b8c1a) Importer(815301076,1909f56bfc062723c751e8b465ee728b)  -> (artifact id: '5a62b0a413e2be249d3ecffdd7b3a8eb') in 0.022900 seconds
  Import took 0.026124 seconds .

========================================================================
Received Import Request.
  Time since last request: 0.000400 seconds.
  path: Assets/UI_Elements/Buttons/default_black_small.png
  artifactKey: Guid(d559e512f87494942b54d487c87eff83) Importer(815301076,1909f56bfc062723c751e8b465ee728b)
Start importing Assets/UI_Elements/Buttons/default_black_small.png using Guid(d559e512f87494942b54d487c87eff83) Importer(815301076,1909f56bfc062723c751e8b465ee728b)  -> (artifact id: '1cd5c2cae91ba00a6145dac9cf1c345e') in 0.023356 seconds
  Import took 0.027508 seconds .

========================================================================
Received Import Request.
  Time since last request: 0.000359 seconds.
  path: Assets/UI_Elements/Buttons/Legit Btn.png
  artifactKey: Guid(cdc6d25ba35415f458c68e623560ebca) Importer(815301076,1909f56bfc062723c751e8b465ee728b)
Start importing Assets/UI_Elements/Buttons/Legit Btn.png using Guid(cdc6d25ba35415f458c68e623560ebca) Importer(815301076,1909f56bfc062723c751e8b465ee728b)  -> (artifact id: 'b40d28f0f39dfec4613f9832427dc824') in 0.033399 seconds
  Import took 0.037154 seconds .

========================================================================
Received Import Request.
  Time since last request: 0.000249 seconds.
  path: Assets/UI_Elements/Buttons/default_black_medium.png
  artifactKey: Guid(c11fd34b44846af4893b86a098b86413) Importer(815301076,1909f56bfc062723c751e8b465ee728b)
Start importing Assets/UI_Elements/Buttons/default_black_medium.png using Guid(c11fd34b44846af4893b86a098b86413) Importer(815301076,1909f56bfc062723c751e8b465ee728b)  -> (artifact id: 'ed565fbb18c027769abe4b9dfad3d410') in 0.019841 seconds
  Import took 0.023062 seconds .

========================================================================
Received Import Request.
  Time since last request: 0.000250 seconds.
  path: Assets/UI_Elements/Buttons/Back Btn.png
  artifactKey: Guid(d71a131b0e418014f888d0fc93043c8a) Importer(815301076,1909f56bfc062723c751e8b465ee728b)
Start importing Assets/UI_Elements/Buttons/Back Btn.png using Guid(d71a131b0e418014f888d0fc93043c8a) Importer(815301076,1909f56bfc062723c751e8b465ee728b)  -> (artifact id: 'c29f3ec0d753e0856ee240076c5f8ed0') in 0.037652 seconds
  Import took 0.041540 seconds .

========================================================================
Received Import Request.
  Time since last request: 0.000733 seconds.
  path: Assets/UI_Elements/Buttons/Play Btn.png
  artifactKey: Guid(592bbdd749f03254da112ace54033b25) Importer(815301076,1909f56bfc062723c751e8b465ee728b)
Start importing Assets/UI_Elements/Buttons/Play Btn.png using Guid(592bbdd749f03254da112ace54033b25) Importer(815301076,1909f56bfc062723c751e8b465ee728b)  -> (artifact id: '3429d9625a921d1a375f8ee03bd77a28') in 0.030336 seconds
  Import took 0.034865 seconds .

========================================================================
Received Import Request.
  Time since last request: 0.000359 seconds.
  path: Assets/UI_Elements/Buttons/default_black_large.png
  artifactKey: Guid(d3786df00c6ddbf4096f9a9a92f53399) Importer(815301076,1909f56bfc062723c751e8b465ee728b)
Start importing Assets/UI_Elements/Buttons/default_black_large.png using Guid(d3786df00c6ddbf4096f9a9a92f53399) Importer(815301076,1909f56bfc062723c751e8b465ee728b)  -> (artifact id: '73c8c4188f36e5b64c611095753d4b27') in 0.039595 seconds
  Import took 0.044698 seconds .

========================================================================
Received Import Request.
  Time since last request: 0.000329 seconds.
  path: Assets/UI_Elements/Buttons/Scam Btn.png
  artifactKey: Guid(b71cce24f9ffde04e96fc63cfdba8dcf) Importer(815301076,1909f56bfc062723c751e8b465ee728b)
Start importing Assets/UI_Elements/Buttons/Scam Btn.png using Guid(b71cce24f9ffde04e96fc63cfdba8dcf) Importer(815301076,1909f56bfc062723c751e8b465ee728b)  -> (artifact id: '865ac0f55cf7f372cd47c7050b7b7e2e') in 0.025992 seconds
  Import took 0.030606 seconds .

========================================================================
Received Import Request.
  Time since last request: 0.000294 seconds.
  path: Assets/UI_Elements/Buttons/default_white_large.png
  artifactKey: Guid(07f0bd05ca98bb64fa3e3b68234b388e) Importer(815301076,1909f56bfc062723c751e8b465ee728b)
Start importing Assets/UI_Elements/Buttons/default_white_large.png using Guid(07f0bd05ca98bb64fa3e3b68234b388e) Importer(815301076,1909f56bfc062723c751e8b465ee728b)  -> (artifact id: '8ab3ff4fc48eb28bae1fd51d99daa2e7') in 0.053198 seconds
  Import took 0.057554 seconds .

========================================================================
Received Import Request.
  Time since last request: 12.767755 seconds.
  path: Assets/UI_Elements/Buttons/Replay Btn.png
  artifactKey: Guid(1c7ffb974cc2765488439c6e91d2d089) Importer(815301076,1909f56bfc062723c751e8b465ee728b)
Start importing Assets/UI_Elements/Buttons/Replay Btn.png using Guid(1c7ffb974cc2765488439c6e91d2d089) Importer(815301076,1909f56bfc062723c751e8b465ee728b)  -> (artifact id: 'dc8006d473e8af8baefd27fb6cdd0c0d') in 0.038485 seconds
  Import took 0.045128 seconds .

========================================================================
Received Prepare
Registering precompiled user dll's ...
Registered in 0.002517 seconds.
Begin MonoManager ReloadAssembly
Native extension for WindowsStandalone target not found
Refreshing native plugins compatible for Editor in 0.46 ms, found 1 plugins.
Preloading 0 native plugins for Editor in 0.00 ms.
Mono: successfully reloaded assembly
- Completed reload, in  0.828 seconds
Platform modules already initialized, skipping
Switching build target platform(5) subTarget(0) extendedPlatform(0) -> platform(13) subTarget(537395200) extendedPlatform(0)
Refreshing native plugins compatible for Editor in 0.44 ms, found 1 plugins.
Preloading 0 native plugins for Editor in 0.00 ms.
Unloading 1918 Unused Serialized files (Serialized files now loaded: 0)
System memory in use before: 92.1 MB.
System memory in use after: 92.2 MB.

Unloading 23 unused Assets to reduce memory usage. Loaded Objects now: 2481.
Total: 5.059800 ms (FindLiveObjects: 0.639200 ms CreateObjectMapping: 0.076400 ms MarkObjects: 4.298800 ms  DeleteObjects: 0.043900 ms)

AssetImportParameters requested are different than current active one (requested -> active):
  custom:graphics/normal-map-encoding: 01000000000000000000000000000000 -> 02000000000000000000000000000000
========================================================================
Received Import Request.
  Time since last request: 4507.995536 seconds.
  path: Assets/Scenes/CallScene.unity
  artifactKey: Guid(85932fccd36b8414cb0f979001c642bf) Importer(815301076,1909f56bfc062723c751e8b465ee728b)
Start importing Assets/Scenes/CallScene.unity using Guid(85932fccd36b8414cb0f979001c642bf) Importer(815301076,1909f56bfc062723c751e8b465ee728b)  -> (artifact id: '6edc7c136797a239a66976771c3ad578') in 0.012656 seconds
  Import took 0.015923 seconds .

========================================================================
Received Import Request.
  Time since last request: 73.175327 seconds.
  path: Assets/Scenes/CallScene.unity
  artifactKey: Guid(85932fccd36b8414cb0f979001c642bf) Importer(815301076,1909f56bfc062723c751e8b465ee728b)
Start importing Assets/Scenes/CallScene.unity using Guid(85932fccd36b8414cb0f979001c642bf) Importer(815301076,1909f56bfc062723c751e8b465ee728b)  -> (artifact id: '3eb2a893c936a9a0315d4ed6a4a824f1') in 0.003043 seconds
  Import took 0.005911 seconds .

========================================================================
Received Import Request.
  Time since last request: 0.000667 seconds.
  path: Assets/Scenes/CallScene.unity
  artifactKey: Guid(85932fccd36b8414cb0f979001c642bf) Importer(815301076,1909f56bfc062723c751e8b465ee728b)
Start importing Assets/Scenes/CallScene.unity using Guid(85932fccd36b8414cb0f979001c642bf) Importer(815301076,1909f56bfc062723c751e8b465ee728b)  -> (artifact id: '3eb2a893c936a9a0315d4ed6a4a824f1') in 0.002784 seconds
  Import took 0.005103 seconds .

========================================================================
Received Import Request.
  Time since last request: 240.645416 seconds.
  path: Assets/Scenes/CallScene.unity
  artifactKey: Guid(85932fccd36b8414cb0f979001c642bf) Importer(815301076,1909f56bfc062723c751e8b465ee728b)
Start importing Assets/Scenes/CallScene.unity using Guid(85932fccd36b8414cb0f979001c642bf) Importer(815301076,1909f56bfc062723c751e8b465ee728b)  -> (artifact id: '9596012a543d9972b336d48bc13c96fd') in 0.002733 seconds
  Import took 0.005918 seconds .

========================================================================
Received Import Request.
  Time since last request: 94.595534 seconds.
  path: Assets/Scenes/CallScene.unity
  artifactKey: Guid(85932fccd36b8414cb0f979001c642bf) Importer(815301076,1909f56bfc062723c751e8b465ee728b)
Start importing Assets/Scenes/CallScene.unity using Guid(85932fccd36b8414cb0f979001c642bf) Importer(815301076,1909f56bfc062723c751e8b465ee728b)  -> (artifact id: 'f29b6d50b60d29070a8e9145598b2933') in 0.002566 seconds
  Import took 0.005633 seconds .

========================================================================
Received Import Request.
  Time since last request: 134.600423 seconds.
  path: Assets/ReusedScripts/ButtonsManager.cs
  artifactKey: Guid(86bb4a264a27c824188bef16b98d5165) Importer(815301076,1909f56bfc062723c751e8b465ee728b)
Start importing Assets/ReusedScripts/ButtonsManager.cs using Guid(86bb4a264a27c824188bef16b98d5165) Importer(815301076,1909f56bfc062723c751e8b465ee728b)  -> (artifact id: 'a30139f509696243323f2052307ff63d') in 0.010664 seconds
  Import took 0.014656 seconds .

========================================================================
Received Import Request.
  Time since last request: 0.001564 seconds.
  path: Assets/ReusedScripts/ButtonsManager.cs
  artifactKey: Guid(86bb4a264a27c824188bef16b98d5165) Importer(815301076,1909f56bfc062723c751e8b465ee728b)
Start importing Assets/ReusedScripts/ButtonsManager.cs using Guid(86bb4a264a27c824188bef16b98d5165) Importer(815301076,1909f56bfc062723c751e8b465ee728b)  -> (artifact id: 'a30139f509696243323f2052307ff63d') in 0.002572 seconds
  Import took 0.006314 seconds .

========================================================================
Received Import Request.
  Time since last request: 10.970678 seconds.
  path: Assets/UI_Elements/Game Map/Call.png
  artifactKey: Guid(9a975d690daeb554ea4e5a838a285765) Importer(815301076,1909f56bfc062723c751e8b465ee728b)
Start importing Assets/UI_Elements/Game Map/Call.png using Guid(9a975d690daeb554ea4e5a838a285765) Importer(815301076,1909f56bfc062723c751e8b465ee728b)  -> (artifact id: '9f36ac5bad3ed291478f2f897b5df52d') in 0.054170 seconds
  Import took 0.056787 seconds .

========================================================================
Received Import Request.
  Time since last request: 0.000198 seconds.
  path: Assets/UI_Elements/Game Map/FullStars.png
  artifactKey: Guid(a1e98c2929403454aa122d87fab67b5f) Importer(815301076,1909f56bfc062723c751e8b465ee728b)
Start importing Assets/UI_Elements/Game Map/FullStars.png using Guid(a1e98c2929403454aa122d87fab67b5f) Importer(815301076,1909f56bfc062723c751e8b465ee728b)  -> (artifact id: 'b6fe5fc5c63d39b669254cb4f3a51432') in 0.024400 seconds
  Import took 0.027762 seconds .

========================================================================
Received Import Request.
  Time since last request: 0.000427 seconds.
  path: Assets/UI_Elements/Game Map/LevelSelection_noStars.png
  artifactKey: Guid(a31341ded401f8c47b82571c3d55af1c) Importer(815301076,1909f56bfc062723c751e8b465ee728b)
Start importing Assets/UI_Elements/Game Map/LevelSelection_noStars.png using Guid(a31341ded401f8c47b82571c3d55af1c) Importer(815301076,1909f56bfc062723c751e8b465ee728b)  -> (artifact id: '4bfd922ba8ea312b22829b0595032831') in 0.022951 seconds
  Import took 0.025608 seconds .

========================================================================
Received Import Request.
  Time since last request: 0.000187 seconds.
  path: Assets/UI_Elements/Game Map/OneStar.png
  artifactKey: Guid(6c078adb736fe2543af719aa4878de33) Importer(815301076,1909f56bfc062723c751e8b465ee728b)
Start importing Assets/UI_Elements/Game Map/OneStar.png using Guid(6c078adb736fe2543af719aa4878de33) Importer(815301076,1909f56bfc062723c751e8b465ee728b)  -> (artifact id: '74dda4a99897a2886537e728adecb018') in 0.021193 seconds
  Import took 0.023385 seconds .

========================================================================
Received Import Request.
  Time since last request: 0.000256 seconds.
  path: Assets/UI_Elements/Game Map/TwoStars.png
  artifactKey: Guid(09965ce037dfc2d459b3b4b6e048c01a) Importer(815301076,1909f56bfc062723c751e8b465ee728b)
Start importing Assets/UI_Elements/Game Map/TwoStars.png using Guid(09965ce037dfc2d459b3b4b6e048c01a) Importer(815301076,1909f56bfc062723c751e8b465ee728b)  -> (artifact id: 'cbe6d9041335d9f11243dc6b55049cc7') in 0.016959 seconds
  Import took 0.019795 seconds .

========================================================================
Received Import Request.
  Time since last request: 0.000202 seconds.
  path: Assets/UI_Elements/Game Map/Email.png
  artifactKey: Guid(937de35db6b201c42ace3e9b9ea5b64b) Importer(815301076,1909f56bfc062723c751e8b465ee728b)
Start importing Assets/UI_Elements/Game Map/Email.png using Guid(937de35db6b201c42ace3e9b9ea5b64b) Importer(815301076,1909f56bfc062723c751e8b465ee728b)  -> (artifact id: 'a80c4ce8ded278b6438101cb7b179079') in 0.042432 seconds
  Import took 0.044799 seconds .

========================================================================
Received Import Request.
  Time since last request: 0.000214 seconds.
  path: Assets/UI_Elements/Game Map/Sms.png
  artifactKey: Guid(86e3c51a40e23b54a94b3ace8cb233ad) Importer(815301076,1909f56bfc062723c751e8b465ee728b)
Start importing Assets/UI_Elements/Game Map/Sms.png using Guid(86e3c51a40e23b54a94b3ace8cb233ad) Importer(815301076,1909f56bfc062723c751e8b465ee728b)  -> (artifact id: '46beafd52b552f0b262948790076bca9') in 0.033829 seconds
  Import took 0.036387 seconds .

========================================================================
Received Import Request.
  Time since last request: 0.000188 seconds.
  path: Assets/UI_Elements/Game Map/LevelSelection_stars.png
  artifactKey: Guid(d22e72b22f67e8c45b6ecc7444bf4f2f) Importer(815301076,1909f56bfc062723c751e8b465ee728b)
Start importing Assets/UI_Elements/Game Map/LevelSelection_stars.png using Guid(d22e72b22f67e8c45b6ecc7444bf4f2f) Importer(815301076,1909f56bfc062723c751e8b465ee728b)  -> (artifact id: '30368c5290982eeef9b9e1e1769e1ee6') in 0.041745 seconds
  Import took 0.044106 seconds .

========================================================================
Received Import Request.
  Time since last request: 0.000205 seconds.
  path: Assets/UI_Elements/Game Map/Job.png
  artifactKey: Guid(748ed5054e7e04149a2dcfc15154df6a) Importer(815301076,1909f56bfc062723c751e8b465ee728b)
Start importing Assets/UI_Elements/Game Map/Job.png using Guid(748ed5054e7e04149a2dcfc15154df6a) Importer(815301076,1909f56bfc062723c751e8b465ee728b)  -> (artifact id: 'bb6f797cd8a9072d74c350d8cab58a04') in 0.018527 seconds
  Import took 0.021075 seconds .

========================================================================
Received Import Request.
  Time since last request: 0.000199 seconds.
  path: Assets/UI_Elements/Game Map/NoStars.png
  artifactKey: Guid(be3f5f0ffd5dced4fa65fe67d398efc8) Importer(815301076,1909f56bfc062723c751e8b465ee728b)
Start importing Assets/UI_Elements/Game Map/NoStars.png using Guid(be3f5f0ffd5dced4fa65fe67d398efc8) Importer(815301076,1909f56bfc062723c751e8b465ee728b)  -> (artifact id: '4f156292ef948f8dd55118fb582350d4') in 0.019977 seconds
  Import took 0.022521 seconds .

========================================================================
Received Import Request.
  Time since last request: 0.000542 seconds.
  path: Assets/UI_Elements/Game Map/Job.png
  artifactKey: Guid(748ed5054e7e04149a2dcfc15154df6a) Importer(815301076,1909f56bfc062723c751e8b465ee728b)
Start importing Assets/UI_Elements/Game Map/Job.png using Guid(748ed5054e7e04149a2dcfc15154df6a) Importer(815301076,1909f56bfc062723c751e8b465ee728b)  -> (artifact id: 'bb6f797cd8a9072d74c350d8cab58a04') in 0.015467 seconds
  Import took 0.018273 seconds .

========================================================================
Received Import Request.
  Time since last request: 0.000216 seconds.
  path: Assets/UI_Elements/Game Map/NoStars.png
  artifactKey: Guid(be3f5f0ffd5dced4fa65fe67d398efc8) Importer(815301076,1909f56bfc062723c751e8b465ee728b)
Start importing Assets/UI_Elements/Game Map/NoStars.png using Guid(be3f5f0ffd5dced4fa65fe67d398efc8) Importer(815301076,1909f56bfc062723c751e8b465ee728b)  -> (artifact id: '4f156292ef948f8dd55118fb582350d4') in 0.014685 seconds
  Import took 0.017039 seconds .

========================================================================
Received Import Request.
  Time since last request: 113.543226 seconds.
  path: Assets/Scenes/CallScene.unity
  artifactKey: Guid(85932fccd36b8414cb0f979001c642bf) Importer(815301076,1909f56bfc062723c751e8b465ee728b)
Start importing Assets/Scenes/CallScene.unity using Guid(85932fccd36b8414cb0f979001c642bf) Importer(815301076,1909f56bfc062723c751e8b465ee728b)  -> (artifact id: 'e567b795bf5b6babc68c04907a7a2adb') in 0.005441 seconds
  Import took 0.008133 seconds .

========================================================================
Received Import Request.
  Time since last request: 121.218677 seconds.
  path: Assets/Scenes/CallScene.unity
  artifactKey: Guid(85932fccd36b8414cb0f979001c642bf) Importer(815301076,1909f56bfc062723c751e8b465ee728b)
Start importing Assets/Scenes/CallScene.unity using Guid(85932fccd36b8414cb0f979001c642bf) Importer(815301076,1909f56bfc062723c751e8b465ee728b)  -> (artifact id: 'cf49c51cfeb327d98955e946cae1b7b7') in 0.003461 seconds
  Import took 0.008403 seconds .

========================================================================
Received Prepare
Registering precompiled user dll's ...
Registered in 0.000929 seconds.
Begin MonoManager ReloadAssembly
Native extension for WindowsStandalone target not found
Refreshing native plugins compatible for Editor in 0.43 ms, found 1 plugins.
Preloading 0 native plugins for Editor in 0.00 ms.
Mono: successfully reloaded assembly
- Completed reload, in  0.593 seconds
Platform modules already initialized, skipping
Switching build target platform(5) subTarget(0) extendedPlatform(0) -> platform(13) subTarget(537395200) extendedPlatform(0)
Refreshing native plugins compatible for Editor in 1.83 ms, found 1 plugins.
Preloading 0 native plugins for Editor in 0.00 ms.
Unloading 1918 Unused Serialized files (Serialized files now loaded: 0)
System memory in use before: 92.2 MB.
System memory in use after: 92.3 MB.

Unloading 20 unused Assets to reduce memory usage. Loaded Objects now: 2494.
Total: 2.018200 ms (FindLiveObjects: 0.293000 ms CreateObjectMapping: 0.068000 ms MarkObjects: 1.635500 ms  DeleteObjects: 0.020800 ms)

AssetImportParameters requested are different than current active one (requested -> active):
  custom:graphics/normal-map-encoding: 01000000000000000000000000000000 -> 02000000000000000000000000000000
========================================================================
Received Prepare
Registering precompiled user dll's ...
Registered in 0.000811 seconds.
Begin MonoManager ReloadAssembly
Native extension for WindowsStandalone target not found
Refreshing native plugins compatible for Editor in 0.41 ms, found 1 plugins.
Preloading 0 native plugins for Editor in 0.00 ms.
Mono: successfully reloaded assembly
- Completed reload, in  0.570 seconds
Platform modules already initialized, skipping
Switching build target platform(5) subTarget(0) extendedPlatform(0) -> platform(13) subTarget(537395200) extendedPlatform(0)
Refreshing native plugins compatible for Editor in 0.43 ms, found 1 plugins.
Preloading 0 native plugins for Editor in 0.00 ms.
Unloading 1918 Unused Serialized files (Serialized files now loaded: 0)
System memory in use before: 92.2 MB.
System memory in use after: 92.3 MB.

Unloading 20 unused Assets to reduce memory usage. Loaded Objects now: 2498.
Total: 1.815800 ms (FindLiveObjects: 0.265000 ms CreateObjectMapping: 0.053100 ms MarkObjects: 1.475300 ms  DeleteObjects: 0.021200 ms)

AssetImportParameters requested are different than current active one (requested -> active):
  custom:graphics/normal-map-encoding: 01000000000000000000000000000000 -> 02000000000000000000000000000000
========================================================================
Received Import Request.
  Time since last request: 114.249505 seconds.
  path: Assets/Scenes/CallScene.unity
  artifactKey: Guid(85932fccd36b8414cb0f979001c642bf) Importer(815301076,1909f56bfc062723c751e8b465ee728b)
Start importing Assets/Scenes/CallScene.unity using Guid(85932fccd36b8414cb0f979001c642bf) Importer(815301076,1909f56bfc062723c751e8b465ee728b)  -> (artifact id: '0b162f1d9d4b97d7db16718c097c8e22') in 0.010156 seconds
  Import took 0.013647 seconds .

========================================================================
Received Prepare
Registering precompiled user dll's ...
Registered in 0.000825 seconds.
Begin MonoManager ReloadAssembly
Native extension for WindowsStandalone target not found
Refreshing native plugins compatible for Editor in 0.41 ms, found 1 plugins.
Preloading 0 native plugins for Editor in 0.00 ms.
Mono: successfully reloaded assembly
- Completed reload, in  0.548 seconds
Platform modules already initialized, skipping
Switching build target platform(5) subTarget(0) extendedPlatform(0) -> platform(13) subTarget(537395200) extendedPlatform(0)
Refreshing native plugins compatible for Editor in 0.43 ms, found 1 plugins.
Preloading 0 native plugins for Editor in 0.00 ms.
Unloading 1918 Unused Serialized files (Serialized files now loaded: 0)
System memory in use before: 92.2 MB.
System memory in use after: 92.3 MB.

Unloading 20 unused Assets to reduce memory usage. Loaded Objects now: 2502.
Total: 1.847500 ms (FindLiveObjects: 0.206700 ms CreateObjectMapping: 0.046500 ms MarkObjects: 1.575400 ms  DeleteObjects: 0.017500 ms)

AssetImportParameters requested are different than current active one (requested -> active):
  custom:graphics/normal-map-encoding: 01000000000000000000000000000000 -> 02000000000000000000000000000000
========================================================================
Received Prepare
Registering precompiled user dll's ...
Registered in 0.000816 seconds.
Begin MonoManager ReloadAssembly
Native extension for WindowsStandalone target not found
Refreshing native plugins compatible for Editor in 0.44 ms, found 1 plugins.
Preloading 0 native plugins for Editor in 0.00 ms.
Mono: successfully reloaded assembly
- Completed reload, in  0.531 seconds
Platform modules already initialized, skipping
Switching build target platform(5) subTarget(0) extendedPlatform(0) -> platform(13) subTarget(537395200) extendedPlatform(0)
Refreshing native plugins compatible for Editor in 0.40 ms, found 1 plugins.
Preloading 0 native plugins for Editor in 0.00 ms.
Unloading 1918 Unused Serialized files (Serialized files now loaded: 0)
System memory in use before: 92.2 MB.
System memory in use after: 92.3 MB.

Unloading 20 unused Assets to reduce memory usage. Loaded Objects now: 2506.
Total: 2.245100 ms (FindLiveObjects: 0.237000 ms CreateObjectMapping: 0.052800 ms MarkObjects: 1.931900 ms  DeleteObjects: 0.022400 ms)

AssetImportParameters requested are different than current active one (requested -> active):
  custom:graphics/normal-map-encoding: 01000000000000000000000000000000 -> 02000000000000000000000000000000
========================================================================
Received Prepare
Registering precompiled user dll's ...
Registered in 0.000772 seconds.
Begin MonoManager ReloadAssembly
Native extension for WindowsStandalone target not found
Refreshing native plugins compatible for Editor in 0.41 ms, found 1 plugins.
Preloading 0 native plugins for Editor in 0.00 ms.
Mono: successfully reloaded assembly
- Completed reload, in  0.596 seconds
Platform modules already initialized, skipping
Switching build target platform(5) subTarget(0) extendedPlatform(0) -> platform(13) subTarget(537395200) extendedPlatform(0)
Refreshing native plugins compatible for Editor in 0.42 ms, found 1 plugins.
Preloading 0 native plugins for Editor in 0.00 ms.
Unloading 1918 Unused Serialized files (Serialized files now loaded: 0)
System memory in use before: 92.2 MB.
System memory in use after: 92.3 MB.

Unloading 20 unused Assets to reduce memory usage. Loaded Objects now: 2510.
Total: 1.780300 ms (FindLiveObjects: 0.239600 ms CreateObjectMapping: 0.060500 ms MarkObjects: 1.458400 ms  DeleteObjects: 0.020300 ms)

AssetImportParameters requested are different than current active one (requested -> active):
  custom:graphics/normal-map-encoding: 01000000000000000000000000000000 -> 02000000000000000000000000000000
========================================================================
Received Prepare
Registering precompiled user dll's ...
Registered in 0.000739 seconds.
Begin MonoManager ReloadAssembly
Native extension for WindowsStandalone target not found
Refreshing native plugins compatible for Editor in 0.41 ms, found 1 plugins.
Preloading 0 native plugins for Editor in 0.00 ms.
Mono: successfully reloaded assembly
- Completed reload, in  0.523 seconds
Platform modules already initialized, skipping
Switching build target platform(5) subTarget(0) extendedPlatform(0) -> platform(13) subTarget(537395200) extendedPlatform(0)
Refreshing native plugins compatible for Editor in 0.55 ms, found 1 plugins.
Preloading 0 native plugins for Editor in 0.00 ms.
Unloading 1918 Unused Serialized files (Serialized files now loaded: 0)
System memory in use before: 92.2 MB.
System memory in use after: 92.3 MB.

Unloading 20 unused Assets to reduce memory usage. Loaded Objects now: 2514.
Total: 1.739400 ms (FindLiveObjects: 0.243300 ms CreateObjectMapping: 0.047100 ms MarkObjects: 1.430500 ms  DeleteObjects: 0.017500 ms)

AssetImportParameters requested are different than current active one (requested -> active):
  custom:graphics/normal-map-encoding: 01000000000000000000000000000000 -> 02000000000000000000000000000000
========================================================================
Received Prepare
Registering precompiled user dll's ...
Registered in 0.000906 seconds.
Begin MonoManager ReloadAssembly
Native extension for WindowsStandalone target not found
Refreshing native plugins compatible for Editor in 0.46 ms, found 1 plugins.
Preloading 0 native plugins for Editor in 0.00 ms.
Mono: successfully reloaded assembly
- Completed reload, in  0.602 seconds
Platform modules already initialized, skipping
Switching build target platform(5) subTarget(0) extendedPlatform(0) -> platform(13) subTarget(537395200) extendedPlatform(0)
Refreshing native plugins compatible for Editor in 0.42 ms, found 1 plugins.
Preloading 0 native plugins for Editor in 0.00 ms.
Unloading 1918 Unused Serialized files (Serialized files now loaded: 0)
System memory in use before: 92.2 MB.
System memory in use after: 92.4 MB.

Unloading 20 unused Assets to reduce memory usage. Loaded Objects now: 2518.
Total: 2.287100 ms (FindLiveObjects: 0.622900 ms CreateObjectMapping: 0.080300 ms MarkObjects: 1.559700 ms  DeleteObjects: 0.023300 ms)

AssetImportParameters requested are different than current active one (requested -> active):
  custom:graphics/normal-map-encoding: 01000000000000000000000000000000 -> 02000000000000000000000000000000
========================================================================
Received Import Request.
  Time since last request: 269.764987 seconds.
  path: Assets/Scenes/CallScene.unity
  artifactKey: Guid(85932fccd36b8414cb0f979001c642bf) Importer(815301076,1909f56bfc062723c751e8b465ee728b)
Start importing Assets/Scenes/CallScene.unity using Guid(85932fccd36b8414cb0f979001c642bf) Importer(815301076,1909f56bfc062723c751e8b465ee728b)  -> (artifact id: '81aed81b4c38bb36e6c65d3de58db665') in 0.010359 seconds
  Import took 0.015341 seconds .

========================================================================
Received Prepare
Registering precompiled user dll's ...
Registered in 0.000871 seconds.
Begin MonoManager ReloadAssembly
Native extension for WindowsStandalone target not found
Refreshing native plugins compatible for Editor in 0.44 ms, found 1 plugins.
Preloading 0 native plugins for Editor in 0.00 ms.
Mono: successfully reloaded assembly
- Completed reload, in  0.587 seconds
Platform modules already initialized, skipping
Switching build target platform(5) subTarget(0) extendedPlatform(0) -> platform(13) subTarget(537395200) extendedPlatform(0)
Refreshing native plugins compatible for Editor in 0.40 ms, found 1 plugins.
Preloading 0 native plugins for Editor in 0.00 ms.
Unloading 1918 Unused Serialized files (Serialized files now loaded: 0)
System memory in use before: 92.2 MB.
System memory in use after: 92.4 MB.

Unloading 20 unused Assets to reduce memory usage. Loaded Objects now: 2522.
Total: 1.811900 ms (FindLiveObjects: 0.215900 ms CreateObjectMapping: 0.049800 ms MarkObjects: 1.479900 ms  DeleteObjects: 0.065200 ms)

AssetImportParameters requested are different than current active one (requested -> active):
  custom:graphics/normal-map-encoding: 01000000000000000000000000000000 -> 02000000000000000000000000000000
========================================================================
Received Prepare
Registering precompiled user dll's ...
Registered in 0.000848 seconds.
Begin MonoManager ReloadAssembly
Native extension for WindowsStandalone target not found
Refreshing native plugins compatible for Editor in 0.44 ms, found 1 plugins.
Preloading 0 native plugins for Editor in 0.00 ms.
Mono: successfully reloaded assembly
- Completed reload, in  0.675 seconds
Platform modules already initialized, skipping
Switching build target platform(5) subTarget(0) extendedPlatform(0) -> platform(13) subTarget(537395200) extendedPlatform(0)
Refreshing native plugins compatible for Editor in 0.42 ms, found 1 plugins.
Preloading 0 native plugins for Editor in 0.00 ms.
Unloading 1918 Unused Serialized files (Serialized files now loaded: 0)
System memory in use before: 92.3 MB.
System memory in use after: 92.4 MB.

Unloading 20 unused Assets to reduce memory usage. Loaded Objects now: 2526.
Total: 2.031400 ms (FindLiveObjects: 0.349300 ms CreateObjectMapping: 0.109400 ms MarkObjects: 1.553500 ms  DeleteObjects: 0.018400 ms)

AssetImportParameters requested are different than current active one (requested -> active):
  custom:graphics/normal-map-encoding: 01000000000000000000000000000000 -> 02000000000000000000000000000000
========================================================================
Received Prepare
Registering precompiled user dll's ...
Registered in 0.000735 seconds.
Begin MonoManager ReloadAssembly
Native extension for WindowsStandalone target not found
Refreshing native plugins compatible for Editor in 0.41 ms, found 1 plugins.
Preloading 0 native plugins for Editor in 0.00 ms.
Mono: successfully reloaded assembly
- Completed reload, in  0.571 seconds
Platform modules already initialized, skipping
Switching build target platform(5) subTarget(0) extendedPlatform(0) -> platform(13) subTarget(537395200) extendedPlatform(0)
Refreshing native plugins compatible for Editor in 0.41 ms, found 1 plugins.
Preloading 0 native plugins for Editor in 0.00 ms.
Unloading 1918 Unused Serialized files (Serialized files now loaded: 0)
System memory in use before: 92.3 MB.
System memory in use after: 92.4 MB.

Unloading 20 unused Assets to reduce memory usage. Loaded Objects now: 2530.
Total: 1.801100 ms (FindLiveObjects: 0.201900 ms CreateObjectMapping: 0.037800 ms MarkObjects: 1.539900 ms  DeleteObjects: 0.020900 ms)

AssetImportParameters requested are different than current active one (requested -> active):
  custom:graphics/normal-map-encoding: 01000000000000000000000000000000 -> 02000000000000000000000000000000
AssetImportWorkerClient::OnTransportError - code=2 error=End of file
